finance_id,employee_id,department,payroll_cost,overtime_cost,productivity_cost_ratio
1,1001,Finance,177309,26008.5,1.15
2,1002,Finance,31150,4042.82,1.13
3,1003,HR,170820,14930.12,1.13
4,1004,Finance,52548,6131.87,0.82
5,1005,Sales,160474,21010.84,1.23
6,1006,Operations,45380,4054.61,1.02
7,1007,Technology,109167,15931.07,1.21
8,1008,Operations,109648,13439.4,1.19
9,1009,Technology,173524,23480.57,1.27
10,1010,Technology,38445,4361.44,1.06
11,1011,Technology,64682,12889.27,1.24
12,1012,Customer Support,36489,4317.66,1.16
13,1013,Customer Support,25227,4403.37,0.72
14,1014,Technology,36680,3365.58,1.22
15,1015,Finance,175408,13253.33,1.23
16,1016,HR,50440,4634.3,0.9
17,1017,HR,119092,22317.47,1.04
18,1018,Compliance,34616,5749.86,1.29
19,1019,Operations,162548,11043.11,0.83
20,1020,Sales,63273,8455.76,1.11
21,1021,Customer Support,28293,5309.81,0.92
22,1022,Finance,99181,8692.11,0.84
23,1023,HR,83844,9698.66,0.78
24,1024,Compliance,31396,3925.46,1.17
25,1025,Operations,37804,3232.02,1.14
26,1026,Sales,125643,18969.87,0.76
27,1027,Operations,137959,12463.02,1.04
28,1028,Sales,151964,21540.39,1.0
29,1029,Technology,134434,8912.69,1.25
30,1030,Operations,62325,4481.72,0.83
31,1031,Operations,25635,3500.41,1.06
32,1032,Sales,113778,21109.62,1.15
33,1033,Compliance,84742,4648.07,1.1
34,1034,Finance,33063,2191.41,1.04
35,1035,Sales,45721,6616.66,0.8
36,1036,HR,192058,10582.59,1.2
37,1037,Sales,151616,7739.02,1.21
38,1038,Sales,106204,17063.18,1.3
39,1039,HR,63143,10009.25,1.12
40,1040,Compliance,69034,8165.89,1.0
41,1041,Customer Support,31212,3484.37,1.05
42,1042,Compliance,69695,9919.8,1.16
43,1043,Sales,38912,5929.53,1.26
44,1044,Operations,35356,3496.69,1.13
45,1045,Compliance,108059,14648.25,0.8
46,1046,Operations,116220,12731.81,1.02
47,1047,Technology,48717,7517.36,1.12
48,1048,HR,154157,20928.78,1.25
49,1049,HR,106343,15675.56,1.1
50,1050,Sales,39794,3468.69,0.91
51,1051,Compliance,76587,10208.9,1.26
52,1052,Operations,166197,15899.82,1.29
53,1053,Sales,29707,2802.25,0.82
54,1054,Finance,59250,5407.35,1.09
55,1055,Compliance,103500,14448.52,1.12
56,1056,Technology,57848,6234.56,1.18
57,1057,Sales,36022,5290.4,1.02
58,1058,HR,199438,31751.25,0.84
59,1059,Customer Support,117154,6315.75,1.02
60,1060,Compliance,29959,4628.43,1.16
61,1061,Finance,84926,16569.63,1.04
62,1062,Technology,76479,10541.28,1.28
63,1063,HR,50625,7459.89,1.11
64,1064,Finance,101478,18543.19,0.72
65,1065,Sales,190521,25801.94,1.22
66,1066,Sales,177672,14776.15,0.7
67,1067,Technology,118035,18926.96,0.77
68,1068,HR,109967,15466.63,1.08
69,1069,Sales,82024,14877.75,1.28
70,1070,Customer Support,132688,20750.65,1.0
71,1071,Customer Support,78938,13518.12,0.82
72,1072,HR,54862,5366.32,1.0
73,1073,Customer Support,77263,13424.41,1.17
74,1074,Finance,47279,7824.02,1.16
75,1075,Operations,41804,4067.28,0.79
76,1076,Operations,31702,2342.83,0.96
77,1077,Operations,108564,6740.43,0.9
78,1078,HR,113204,13688.88,0.81
79,1079,Technology,180393,15701.12,0.74
80,1080,Sales,55176,9991.46,1.06
81,1081,Technology,83104,5702.08,0.87
82,1082,Sales,66540,10108.55,0.96
83,1083,HR,49458,3212.62,0.87
84,1084,Technology,162980,25694.19,1.17
85,1085,Finance,39257,4073.39,1.11
86,1086,Finance,131325,20719.39,0.9
87,1087,Technology,83885,6975.61,1.15
88,1088,Operations,132312,19591.96,0.95
89,1089,Compliance,36247,6478.34,0.9
90,1090,Compliance,50438,3450.85,0.72
91,1091,Customer Support,38640,4769.58,1.24
92,1092,Sales,64499,3675.21,0.88
93,1093,Customer Support,154083,15731.86,1.23
94,1094,Finance,27018,1668.02,0.95
95,1095,Customer Support,27647,2433.82,0.91
96,1096,HR,116436,20049.91,0.81
97,1097,HR,122524,15302.24,1.28
98,1098,Compliance,41466,6403.84,0.73
99,1099,Compliance,106558,8750.96,0.89
100,1100,Finance,47970,9059.38,0.85
101,1101,Technology,26699,3700.64,1.16
102,1102,Customer Support,98507,17520.3,1.01
103,1103,Customer Support,68603,10464.32,1.18
104,1104,Compliance,52899,6697.82,1.02
105,1105,Technology,39412,7368.1,1.03
106,1106,Finance,33395,2526.36,0.82
107,1107,Finance,77442,8469.98,0.85
108,1108,Customer Support,135121,15977.47,0.88
109,1109,Technology,43989,2910.56,0.94
110,1110,Customer Support,109411,9224.01,1.27
111,1111,Technology,132998,8889.54,1.24
112,1112,Operations,184081,36709.47,0.96
113,1113,Sales,49030,8988.91,1.14
114,1114,Customer Support,189716,21539.55,0.9
115,1115,Compliance,61105,6197.11,0.86
116,1116,Operations,137548,20705.55,1.18
117,1117,Compliance,80683,14044.26,0.92
118,1118,Sales,59881,10125.15,0.93
119,1119,Operations,115202,6483.79,0.83
120,1120,Technology,60258,3965.66,1.14
121,1121,Sales,133064,18834.15,1.06
122,1122,Technology,69576,10530.98,1.11
123,1123,Technology,55842,8902.16,0.79
124,1124,Technology,105294,14231.78,0.98
125,1125,Finance,33370,5523.68,1.04
126,1126,Sales,160424,24977.94,0.95
127,1127,Sales,27621,1644.32,0.93
128,1128,Technology,115445,11438.6,1.06
129,1129,Customer Support,162034,9391.75,0.93
130,1130,Finance,27363,2975.04,1.11
131,1131,Sales,47277,6911.03,1.01
132,1132,HR,35471,6562.46,0.99
133,1133,Technology,63494,4186.49,0.95
134,1134,Technology,61380,10053.49,1.29
135,1135,Operations,116498,11011.14,1.1
136,1136,Operations,132883,25419.99,0.92
137,1137,Operations,37755,5224.9,0.9
138,1138,HR,28755,2787.68,1.16
139,1139,Customer Support,161504,28535.27,1.18
140,1140,Finance,87691,16891.25,1.21
141,1141,Operations,155569,23919.85,1.14
142,1142,Finance,27848,3768.17,1.26
143,1143,Technology,52552,5172.99,1.12
144,1144,Sales,37303,4524.91,0.91
145,1145,Sales,26031,2722.36,1.2
146,1146,Technology,40719,6281.09,0.87
147,1147,HR,150160,24177.31,0.91
148,1148,Compliance,62194,8952.8,1.29
149,1149,Compliance,59030,7441.13,1.18
150,1150,Customer Support,84923,16521.19,0.71
151,1151,Operations,26825,4069.62,1.02
152,1152,Customer Support,35993,2161.28,0.76
153,1153,Operations,38647,4758.86,0.85
154,1154,Operations,53493,7413.84,0.95
155,1155,Technology,108706,20647.12,1.0
156,1156,Operations,103335,6439.69,0.79
157,1157,Compliance,26462,3571.24,1.05
158,1158,Technology,44883,6352.16,1.29
159,1159,HR,27146,3811.11,0.85
160,1160,Operations,61556,4770.14,1.1
161,1161,Customer Support,97902,12138.53,0.83
162,1162,Compliance,189529,33299.35,0.92
163,1163,Finance,101672,7315.3,1.02
164,1164,HR,27986,4727.36,0.71
165,1165,Finance,172033,28560.02,1.07
166,1166,Sales,41120,3171.28,1.21
167,1167,Sales,57716,10159.02,0.73
168,1168,Sales,42316,8006.62,1.06
169,1169,Operations,113875,9533.88,0.93
170,1170,Sales,140590,16091.75,0.75
171,1171,Compliance,71920,5875.19,0.94
172,1172,Compliance,55711,3642.79,0.74
173,1173,HR,158931,28437.4,1.22
174,1174,Sales,44111,3642.96,1.29
175,1175,Compliance,33054,1793.06,0.83
176,1176,Sales,131526,12217.33,0.83
177,1177,Finance,110008,19851.32,0.89
178,1178,HR,102152,14415.41,0.83
179,1179,Compliance,88086,17164.97,1.12
180,1180,Sales,45595,3974.33,0.73
181,1181,HR,27792,4146.13,0.92
182,1182,Sales,174384,11671.09,0.82
183,1183,Sales,54746,2856.95,1.09
184,1184,Sales,34625,3517.51,1.11
185,1185,Operations,26313,1912.73,1.01
186,1186,Finance,75888,4296.04,1.11
187,1187,Finance,141694,7282.32,1.09
188,1188,Technology,173846,13676.43,0.81
189,1189,HR,76086,10155.75,0.77
190,1190,Finance,32522,5731.89,1.24
191,1191,Compliance,32681,3996.15,1.01
192,1192,Compliance,36629,4877.63,0.99
193,1193,Compliance,169430,23819.76,0.74
194,1194,Sales,188189,29609.97,1.16
195,1195,Operations,25969,4633.62,0.94
196,1196,Customer Support,186735,16625.9,1.14
197,1197,Compliance,50035,8249.96,1.18
198,1198,HR,122449,8458.05,0.96
199,1199,Technology,45488,6633.16,1.3
200,1200,HR,53947,7724.47,0.91
201,1201,Finance,56413,5050.43,1.05
202,1202,Customer Support,31447,6275.03,0.76
203,1203,Sales,58605,4579.34,1.1
204,1204,Operations,51999,4423.7,0.96
205,1205,Compliance,80110,11265.85,0.81
206,1206,HR,29725,1770.08,0.77
207,1207,Operations,106757,12946.27,0.91
208,1208,Customer Support,47342,9232.08,0.9
209,1209,Operations,99987,9458.55,0.86
210,1210,Finance,101954,20232.53,1.29
211,1211,Sales,90008,8469.24,0.72
212,1212,Compliance,30661,5278.92,1.16
213,1213,Sales,27563,4568.07,1.21
214,1214,Operations,134512,22241.49,0.9
215,1215,Compliance,169986,19577.81,1.01
216,1216,Compliance,84657,14650.08,0.71
217,1217,Technology,133631,14586.76,0.97
218,1218,Finance,132563,24058.95,0.74
219,1219,HR,197877,20645.39,1.15
220,1220,Compliance,96467,17565.61,1.26
221,1221,Compliance,63854,10219.32,1.07
222,1222,Compliance,32821,3869.17,0.96
223,1223,Finance,65268,6373.64,0.85
224,1224,Operations,129830,13697.09,1.05
225,1225,Finance,56673,7132.72,0.92
226,1226,Technology,25747,2001.08,0.88
227,1227,Compliance,91313,10454.91,0.81
228,1228,Customer Support,114212,15368.94,1.12
229,1229,Operations,61267,5549.81,1.0
230,1230,Finance,83054,8384.68,1.19
231,1231,Sales,99768,11262.12,0.85
232,1232,Sales,86835,12344.42,0.82
233,1233,HR,113647,15646.61,0.72
234,1234,Sales,137640,12898.39,1.21
235,1235,Sales,171401,32643.26,1.06
236,1236,Finance,36598,2109.08,0.81
237,1237,Finance,85307,5130.38,1.25
238,1238,HR,32436,5879.8,0.99
239,1239,Customer Support,39965,4164.01,0.77
240,1240,Technology,39576,6952.49,0.88
241,1241,Technology,65305,10518.54,1.24
242,1242,Finance,107888,14370.57,1.02
243,1243,HR,98290,12989.0,0.82
244,1244,Sales,104365,5905.98,1.12
245,1245,Finance,161330,28424.07,1.13
246,1246,Finance,110409,10414.48,1.13
247,1247,Finance,195859,25907.51,0.98
248,1248,Compliance,100149,18698.82,1.26
249,1249,Technology,60635,10586.24,1.16
250,1250,HR,169844,24558.57,0.84
251,1251,Compliance,39123,5257.63,1.0
252,1252,Compliance,83684,7497.8,1.07
253,1253,Compliance,102475,6750.67,0.84
254,1254,Finance,31327,4563.97,1.15
255,1255,HR,53558,8378.28,0.76
256,1256,Sales,43132,8260.69,1.29
257,1257,Compliance,139053,7942.24,1.1
258,1258,Operations,48884,6539.25,1.11
259,1259,HR,60739,5682.44,1.04
260,1260,Finance,29802,3237.28,1.0
261,1261,Operations,168406,33448.78,1.06
262,1262,Technology,31662,3442.78,1.19
263,1263,Operations,164178,17444.14,0.98
264,1264,Operations,63156,10361.85,0.8
265,1265,HR,101440,14704.5,0.79
266,1266,Compliance,25799,3511.42,1.12
267,1267,Operations,27582,3751.79,1.02
268,1268,Customer Support,99879,6420.06,1.18
269,1269,Operations,101735,7247.89,0.92
270,1270,Sales,163463,29556.45,1.25
271,1271,Compliance,41199,2798.19,0.71
272,1272,HR,164489,18129.63,1.04
273,1273,Technology,126541,24094.77,0.74
274,1274,Finance,112652,17167.96,0.98
275,1275,Finance,86208,8225.64,1.09
276,1276,Customer Support,116661,16819.19,1.07
277,1277,HR,67946,5097.53,0.83
278,1278,Operations,59059,7721.25,1.23
279,1279,Sales,56418,8601.11,1.18
280,1280,Customer Support,58307,6964.57,0.87
281,1281,HR,143561,8539.87,1.11
282,1282,Operations,44881,2909.45,1.05
283,1283,Finance,35233,5411.95,0.9
284,1284,Compliance,33832,2533.8,1.22
285,1285,Operations,77417,13113.48,1.25
286,1286,Technology,167135,30352.96,0.97
287,1287,HR,33153,4217.91,1.02
288,1288,Compliance,51791,6212.78,1.18
289,1289,Sales,37537,5087.44,1.09
290,1290,Customer Support,115828,12705.5,1.27
291,1291,Technology,104975,13866.91,1.04
292,1292,Sales,44435,7712.03,0.91
293,1293,Finance,114833,17229.91,1.06
294,1294,HR,31439,5029.93,0.72
295,1295,Finance,29162,1922.91,0.73
296,1296,Compliance,55358,3627.3,0.98
297,1297,HR,104649,17563.77,1.23
298,1298,Operations,35753,6494.14,1.18
299,1299,Sales,69009,6214.46,0.74
300,1300,Operations,45988,7728.52,0.75
301,1301,Operations,58766,10832.09,0.82
302,1302,Compliance,34298,5521.7,1.04
303,1303,Finance,133740,21495.03,1.23
304,1304,Operations,128106,9265.71,0.85
305,1305,Compliance,26498,4127.78,0.83
306,1306,Operations,140484,13836.91,0.97
307,1307,Technology,188481,12006.87,0.83
308,1308,Customer Support,36820,6239.86,1.05
309,1309,Customer Support,38138,2126.91,1.03
310,1310,Compliance,88688,13900.76,1.13
311,1311,Compliance,112986,8418.93,0.92
312,1312,Operations,149796,28217.59,1.14
313,1313,Compliance,178283,16944.66,1.25
314,1314,Sales,172992,30318.3,0.81
315,1315,Sales,105278,6275.44,0.92
316,1316,Technology,69511,11795.75,0.89
317,1317,Customer Support,64807,10089.94,0.78
318,1318,Finance,180845,10621.04,0.74
319,1319,Technology,39076,5762.29,1.15
320,1320,Sales,65556,12557.23,0.91
321,1321,Compliance,51740,7669.03,0.93
322,1322,Customer Support,60348,4240.35,0.89
323,1323,HR,118171,18827.61,1.13
324,1324,HR,39167,4367.38,0.89
325,1325,Operations,37474,4787.8,1.21
326,1326,Compliance,171156,25512.23,1.14
327,1327,Sales,31584,4277.87,1.05
328,1328,Technology,57656,10249.13,1.18
329,1329,Customer Support,161299,16231.61,1.26
330,1330,Customer Support,44467,2468.36,0.73
331,1331,Compliance,57966,7132.14,0.99
332,1332,Finance,127947,9184.55,1.05
333,1333,Sales,139489,25708.71,1.21
334,1334,Sales,39166,2981.21,0.79
335,1335,Sales,94477,12209.32,0.72
336,1336,Finance,95653,8984.92,0.71
337,1337,Sales,139954,15722.88,0.91
338,1338,Customer Support,33836,5592.23,0.75
339,1339,Customer Support,144988,26564.99,0.93
340,1340,Finance,43174,7421.97,1.01
341,1341,Finance,26113,2771.05,0.97
342,1342,Sales,92353,14626.67,0.94
343,1343,HR,108442,5845.81,1.15
344,1344,Customer Support,29635,5444.22,0.96
345,1345,Technology,127756,9888.08,1.12
346,1346,Operations,104137,13347.98,0.84
347,1347,Sales,88984,15288.72,1.28
348,1348,Finance,153849,25745.65,0.8
349,1349,HR,163350,17787.84,1.06
350,1350,Technology,54258,9322.49,1.05
351,1351,Technology,139899,12205.97,0.77
352,1352,Finance,49660,9005.51,0.82
353,1353,Customer Support,48068,5682.7,0.91
354,1354,Technology,83063,12638.26,0.82
355,1355,Customer Support,28378,5058.94,0.82
356,1356,Sales,80776,10141.52,0.9
357,1357,Finance,38684,3026.52,1.22
358,1358,Technology,58761,4493.37,1.15
359,1359,Operations,169124,10298.19,1.26
360,1360,Operations,104240,20012.34,1.24
361,1361,Technology,70770,4169.62,1.18
362,1362,Operations,42901,4535.52,0.96
363,1363,Sales,68783,7536.25,0.98
364,1364,Sales,142250,19424.42,0.94
365,1365,Sales,68606,8196.53,1.14
366,1366,Sales,46540,5474.07,0.85
367,1367,Technology,28620,2349.44,0.81
368,1368,Finance,97978,15348.04,0.75
369,1369,Operations,59305,7492.97,1.1
370,1370,Customer Support,194596,27956.5,1.11
371,1371,Finance,36382,2281.62,1.02
372,1372,Operations,182837,29801.06,1.23
373,1373,Compliance,30231,5398.48,1.29
374,1374,Sales,25190,2248.38,1.07
375,1375,Compliance,130138,13789.94,1.02
376,1376,Compliance,53832,6776.92,1.01
377,1377,Compliance,99987,9904.94,0.72
378,1378,Sales,67270,5985.77,1.13
379,1379,Finance,188060,34224.03,1.28
380,1380,Finance,41181,5631.92,1.18
381,1381,Finance,38617,3461.71,1.14
382,1382,HR,29652,3517.05,0.74
383,1383,Sales,117616,18612.13,1.0
384,1384,Sales,69999,11611.69,1.12
385,1385,Compliance,97161,17771.67,1.23
386,1386,Operations,43041,2211.34,1.21
387,1387,Finance,53652,8090.24,0.7
388,1388,Compliance,63683,3680.55,0.99
389,1389,Customer Support,29301,2536.2,0.76
390,1390,HR,28273,3928.9,1.1
391,1391,HR,34110,6662.77,1.04
392,1392,Finance,160436,27716.18,1.25
393,1393,Finance,38265,2135.61,1.17
394,1394,Technology,53004,4861.45,1.22
395,1395,HR,150693,23270.96,1.09
396,1396,Compliance,78943,14445.96,1.07
397,1397,Technology,61413,4772.22,0.7
398,1398,Sales,169824,21643.91,1.09
399,1399,Technology,110632,21243.73,0.97
400,1400,Compliance,32093,2877.35,0.87
401,1401,Technology,34991,2045.59,1.21
402,1402,Operations,103708,6910.24,0.86
403,1403,Compliance,162802,17833.8,0.78
404,1404,Customer Support,44130,5869.24,1.0
405,1405,Technology,31801,3321.02,1.0
406,1406,Finance,41221,4302.0,1.01
407,1407,Compliance,112855,13821.46,0.92
408,1408,HR,82040,14519.99,1.08
409,1409,Technology,65316,12576.26,1.23
410,1410,Technology,183362,28864.41,1.12
411,1411,Sales,54662,2892.78,0.73
412,1412,Operations,81638,14437.72,0.71
413,1413,Technology,63500,11319.88,0.77
414,1414,Sales,39199,7667.49,1.05
415,1415,Finance,40556,7699.78,0.82
416,1416,Customer Support,36076,7024.76,0.97
417,1417,Operations,61459,7346.36,0.93
418,1418,HR,38569,6221.05,0.76
419,1419,Finance,86194,8311.59,1.16
420,1420,Compliance,153338,9977.32,0.76
421,1421,Sales,47200,6738.93,1.24
422,1422,Operations,31829,5064.34,1.13
423,1423,Compliance,31877,5158.34,1.17
424,1424,HR,131713,24694.85,1.23
425,1425,Compliance,63296,7168.39,1.14
426,1426,Customer Support,82306,5490.54,0.7
427,1427,Technology,33035,5075.13,1.08
428,1428,Sales,49172,2578.59,0.98
429,1429,Compliance,61864,3867.46,1.14
430,1430,Sales,117812,16404.18,1.19
431,1431,Customer Support,194704,14372.43,1.13
432,1432,Technology,197695,24470.56,1.14
433,1433,Finance,172909,33526.67,1.09
434,1434,Compliance,65757,7652.67,1.25
435,1435,HR,58002,9418.91,0.74
436,1436,Compliance,27607,5360.58,1.08
437,1437,Operations,190322,15929.32,0.78
438,1438,Customer Support,147220,26206.6,0.91
439,1439,Technology,158182,12658.44,1.12
440,1440,Technology,35293,2899.38,1.0
441,1441,Customer Support,72290,8161.63,1.06
442,1442,Technology,74141,13994.74,0.79
443,1443,Finance,78119,9472.44,0.71
444,1444,HR,101990,9882.09,0.71
445,1445,Operations,156442,19098.84,0.97
446,1446,Technology,68814,13717.17,0.88
447,1447,Sales,72524,11711.64,1.2
448,1448,Customer Support,36328,3457.05,0.97
449,1449,Sales,112525,8938.53,1.29
450,1450,Compliance,55513,7454.53,1.11
451,1451,Finance,41391,5971.04,1.18
452,1452,Compliance,197894,27944.57,1.04
453,1453,Compliance,38207,4213.42,1.0
454,1454,Sales,35775,5508.7,1.0
455,1455,Customer Support,73985,11953.46,0.79
456,1456,HR,55202,5453.66,0.92
457,1457,Operations,39859,6287.8,0.79
458,1458,Technology,124543,13410.26,0.89
459,1459,Technology,185292,31980.97,1.23
460,1460,Compliance,34796,1740.5,0.94
461,1461,Sales,32167,5146.05,1.11
462,1462,Compliance,172513,13533.83,0.85
463,1463,Operations,71136,9958.94,0.79
464,1464,Compliance,146818,14371.1,0.85
465,1465,Finance,97176,10500.54,1.03
466,1466,Technology,47878,7510.89,0.88
467,1467,HR,84228,15747.04,0.97
468,1468,Customer Support,108023,10754.32,0.77
469,1469,Finance,172495,14189.56,1.27
470,1470,Finance,52323,6742.31,1.04
471,1471,Technology,34899,2879.83,0.82
472,1472,Finance,116344,21658.46,0.78
473,1473,Finance,26915,4932.33,1.21
474,1474,Technology,25885,5157.95,1.2
475,1475,Technology,176975,22062.25,0.98
476,1476,Customer Support,48905,6437.7,1.23
477,1477,Technology,33984,5646.72,1.28
478,1478,Technology,122711,21589.14,0.73
479,1479,Technology,190853,14355.88,1.15
480,1480,Technology,34306,1748.44,1.11
481,1481,Operations,71474,12062.77,0.86
482,1482,Technology,81703,16025.82,1.19
483,1483,Compliance,130203,14471.28,0.7
484,1484,HR,29616,5643.62,1.13
485,1485,Operations,139515,11124.14,0.75
486,1486,Finance,160389,20159.63,1.05
487,1487,Technology,169539,27168.1,1.23
488,1488,Compliance,27951,4557.69,0.91
489,1489,Compliance,105974,19265.38,1.04
490,1490,HR,121235,9760.56,0.76
491,1491,Customer Support,111444,9432.58,1.01
492,1492,Technology,46941,6365.68,0.91
493,1493,Compliance,193038,12346.27,0.76
494,1494,Customer Support,58044,3945.87,0.79
495,1495,Finance,67473,6475.74,1.08
496,1496,Operations,58000,10065.11,1.05
497,1497,Finance,25393,3230.88,0.88
498,1498,Customer Support,88416,9305.03,1.06
499,1499,Technology,171441,18350.17,0.93
500,1500,Sales,155398,29725.92,1.09
501,1501,Sales,98858,19676.78,0.72
502,1502,Sales,47056,8715.16,1.17
503,1503,Sales,93840,15797.31,0.99
504,1504,Operations,26482,2221.55,1.24
505,1505,Compliance,43497,3201.18,1.07
506,1506,Customer Support,45165,7016.69,1.21
507,1507,Technology,106631,8763.49,0.91
508,1508,Sales,26492,3645.73,1.19
509,1509,Compliance,161207,11643.34,0.75
510,1510,Compliance,32265,6374.83,1.03
511,1511,HR,78501,5992.16,0.94
512,1512,HR,32296,5556.26,1.05
513,1513,Technology,63553,8695.32,1.28
514,1514,HR,87414,6757.19,0.95
515,1515,Customer Support,118698,20083.04,0.89
516,1516,Technology,157538,8359.66,1.1
517,1517,HR,76298,14699.59,1.05
518,1518,HR,160248,27351.72,0.98
519,1519,Sales,46757,8514.65,0.99
520,1520,Customer Support,111090,14171.91,1.26
521,1521,Technology,188221,25806.17,1.29
522,1522,Compliance,27596,2701.97,1.3
523,1523,Finance,30492,1927.8,0.8
524,1524,Customer Support,28917,4202.99,0.95
525,1525,Operations,159965,26637.66,0.72
526,1526,Sales,26489,1775.43,1.07
527,1527,Customer Support,38945,5075.06,1.13
528,1528,HR,197520,30128.58,1.12
529,1529,Finance,34079,1983.33,1.04
530,1530,Finance,134144,15918.86,1.17
531,1531,HR,33325,4110.39,1.3
532,1532,Customer Support,40459,2778.3,1.25
533,1533,Compliance,144232,15409.12,1.22
534,1534,HR,42750,4496.64,0.91
535,1535,Technology,141105,11492.56,1.17
536,1536,Technology,191810,36548.73,0.72
537,1537,Customer Support,32830,3123.4,0.97
538,1538,Sales,31818,6153.22,0.88
539,1539,Technology,72736,5762.33,0.99
540,1540,Sales,25615,4772.55,0.85
541,1541,Customer Support,62685,5415.93,1.27
542,1542,Technology,67461,8189.09,1.3
543,1543,HR,178932,26783.58,1.2
544,1544,Finance,86778,16031.28,0.97
545,1545,Sales,99702,7019.87,0.85
546,1546,Operations,43773,4093.9,1.22
547,1547,Customer Support,50565,9746.39,1.01
548,1548,Technology,39303,2960.49,0.9
549,1549,HR,32088,3018.93,1.08
550,1550,Technology,197945,39262.21,1.3
551,1551,Customer Support,63815,5130.31,0.85
552,1552,Customer Support,36699,3408.34,0.87
553,1553,Operations,86300,8916.41,0.82
554,1554,Compliance,131729,21379.7,0.9
555,1555,Operations,87223,5954.72,0.89
556,1556,Operations,154382,14213.17,0.78
557,1557,Compliance,39263,4365.4,0.71
558,1558,HR,188396,11864.22,1.27
559,1559,Technology,185734,34743.25,1.0
560,1560,Technology,36943,6109.49,0.78
561,1561,Sales,195448,16182.41,1.23
562,1562,Operations,37640,5551.77,1.11
563,1563,Sales,53794,3921.78,0.94
564,1564,Technology,38347,1977.83,1.23
565,1565,Customer Support,26980,3407.79,0.85
566,1566,HR,174971,17823.95,0.9
567,1567,Finance,46866,3108.37,0.9
568,1568,Operations,54718,4132.66,1.02
569,1569,Technology,35171,2314.55,1.07
570,1570,Finance,29368,3681.24,1.0
571,1571,Sales,57051,8411.56,0.76
572,1572,Compliance,42896,3044.06,0.86
573,1573,Compliance,127768,11205.86,0.76
574,1574,Finance,154468,23398.11,1.19
575,1575,Customer Support,127904,19258.92,1.22
576,1576,Technology,115701,9004.84,0.82
577,1577,Sales,27699,2761.05,1.21
578,1578,Customer Support,115189,15290.86,0.85
579,1579,Customer Support,53960,6454.19,0.96
580,1580,Compliance,28859,2259.92,0.94
581,1581,Technology,53185,5606.31,1.09
582,1582,Finance,81381,12163.27,0.8
583,1583,Technology,90119,16727.07,0.92
584,1584,Technology,47035,4043.64,0.72
585,1585,Finance,93782,5651.29,0.81
586,1586,Compliance,39920,6703.95,0.95
587,1587,Customer Support,99229,13150.09,1.06
588,1588,Compliance,52556,7310.4,1.21
589,1589,Finance,29886,4852.2,1.04
590,1590,Finance,195354,30207.05,1.14
591,1591,Customer Support,186029,34236.06,1.15
592,1592,Finance,60671,3922.68,0.78
593,1593,Technology,78592,4801.5,0.9
594,1594,Compliance,181921,31194.26,0.94
595,1595,Finance,111191,9905.12,1.07
596,1596,Technology,54419,9118.18,1.01
597,1597,Compliance,62193,12243.29,0.71
598,1598,HR,124602,13984.65,0.81
599,1599,Operations,92883,9236.47,1.22
600,1600,Finance,60176,8079.03,0.76
601,1601,Technology,45202,2399.34,1.23
602,1602,HR,85491,12726.69,0.91
603,1603,Compliance,98022,10510.69,0.74
604,1604,Operations,48023,6928.74,1.26
605,1605,HR,25285,2280.72,0.96
606,1606,HR,28195,5228.01,1.05
607,1607,HR,92333,7842.52,0.75
608,1608,HR,37788,6976.03,0.74
609,1609,HR,109253,12286.52,1.03
610,1610,Sales,139975,19644.27,0.92
611,1611,Operations,113373,16950.95,1.16
612,1612,Customer Support,113938,13809.75,0.94
613,1613,HR,47977,6979.42,0.72
614,1614,Customer Support,26833,1922.6,1.02
615,1615,Customer Support,26918,4868.8,1.24
616,1616,Finance,26250,4032.24,1.11
617,1617,Finance,33228,6535.01,1.0
618,1618,Customer Support,46753,6728.76,1.3
619,1619,Finance,107994,7701.81,1.12
620,1620,Customer Support,45159,3459.0,0.95
621,1621,Sales,132321,7625.57,0.92
622,1622,Customer Support,171769,20655.5,1.17
623,1623,Customer Support,128099,13261.21,1.05
624,1624,Sales,43357,2965.92,1.1
625,1625,Technology,25812,2448.54,1.16
626,1626,Finance,130382,8820.99,0.79
627,1627,Technology,123807,24126.36,1.0
628,1628,HR,30515,4452.97,1.27
629,1629,Sales,35047,2883.71,1.25
630,1630,Operations,50099,6196.93,1.16
631,1631,HR,75593,7414.08,0.92
632,1632,Compliance,44181,7331.95,1.02
633,1633,Compliance,30588,3693.98,1.09
634,1634,Technology,48095,4299.08,0.84
635,1635,Operations,64379,3524.39,0.89
636,1636,Compliance,149512,11018.89,1.28
637,1637,Finance,142485,26136.3,1.12
638,1638,Technology,36816,5814.55,0.96
639,1639,Customer Support,38888,2488.61,1.24
640,1640,HR,106196,15571.1,1.02
641,1641,Compliance,124456,6440.14,1.14
642,1642,Operations,145251,26905.48,1.02
643,1643,Sales,133646,16258.62,0.71
644,1644,Operations,36247,5805.13,1.27
645,1645,Sales,89369,17177.85,0.87
646,1646,HR,47357,2734.17,1.14
647,1647,HR,112934,11003.11,1.02
648,1648,Operations,61107,10150.14,0.94
649,1649,Customer Support,52373,6997.92,1.11
650,1650,Finance,171486,25184.63,0.81
651,1651,Customer Support,61891,8388.96,0.79
652,1652,Compliance,61013,9643.8,1.0
653,1653,Customer Support,39285,2795.94,1.02
654,1654,Operations,63089,6628.92,0.82
655,1655,Technology,25621,2014.99,1.08
656,1656,Sales,37385,4431.83,1.14
657,1657,Finance,42327,2923.48,0.79
658,1658,Operations,65788,8879.09,0.84
659,1659,Operations,198696,37877.9,0.72
660,1660,Customer Support,120665,13918.44,1.05
661,1661,Customer Support,69529,8276.05,0.85
662,1662,Sales,25461,3245.58,1.2
663,1663,Technology,25479,2608.58,1.21
664,1664,Compliance,121518,22203.6,1.05
665,1665,Finance,180505,12437.1,1.03
666,1666,Compliance,97381,14003.28,1.06
667,1667,Finance,27807,5317.9,0.79
668,1668,Operations,41550,4935.51,0.84
669,1669,Compliance,46122,7734.66,1.15
670,1670,Finance,96735,16518.58,1.26
671,1671,Customer Support,36107,3224.17,1.21
672,1672,Operations,96214,11564.12,0.92
673,1673,HR,124617,7495.88,0.76
674,1674,Compliance,148844,10736.49,1.15
675,1675,Operations,36361,4772.84,1.09
676,1676,Sales,69832,12909.55,1.12
677,1677,HR,85242,9845.64,1.06
678,1678,Finance,54083,10458.02,0.71
679,1679,Customer Support,25602,3701.97,1.22
680,1680,Compliance,38109,7285.68,1.03
681,1681,Finance,69216,4748.57,0.77
682,1682,HR,77300,15043.7,0.79
683,1683,Customer Support,135130,13144.17,1.25
684,1684,Operations,107074,7959.8,0.78
685,1685,Sales,117709,7300.52,0.84
686,1686,HR,57220,4285.54,0.86
687,1687,Operations,154662,22793.91,1.13
688,1688,HR,49258,2588.68,1.07
689,1689,HR,61476,6600.24,0.78
690,1690,HR,55406,7554.89,1.24
691,1691,Technology,54163,4146.97,0.74
692,1692,Sales,180901,11697.14,0.84
693,1693,Technology,71478,10403.54,0.71
694,1694,Finance,30951,2035.64,0.85
695,1695,HR,199932,23594.54,0.82
696,1696,Operations,37999,3441.18,1.05
697,1697,Operations,38611,4425.0,0.72
698,1698,Operations,70544,3908.48,1.26
699,1699,HR,44170,3300.52,0.94
700,1700,Operations,92797,18216.11,0.82
701,1701,Sales,199790,16887.51,0.93
702,1702,Sales,174498,25617.41,1.14
703,1703,Finance,163507,29079.45,0.86
704,1704,Sales,27921,2534.93,0.72
705,1705,Operations,78010,13759.46,1.28
706,1706,Technology,45095,6680.02,1.05
707,1707,Technology,27341,2918.73,0.9
708,1708,Compliance,133119,22686.32,0.78
709,1709,Sales,47160,5394.02,0.84
710,1710,Compliance,52831,7163.6,1.09
711,1711,Compliance,99213,10149.11,1.03
712,1712,HR,111124,20495.82,0.86
713,1713,Technology,58616,11387.43,1.17
714,1714,Finance,31841,5877.92,1.23
715,1715,HR,34849,4756.55,1.18
716,1716,Sales,142295,25062.91,0.83
717,1717,Compliance,124176,22854.63,1.14
718,1718,Operations,114778,18891.44,0.75
719,1719,Technology,75678,14287.19,0.99
720,1720,Finance,28716,2008.36,1.14
721,1721,Sales,197417,32376.25,1.17
722,1722,Operations,81804,6749.93,0.9
723,1723,Compliance,112070,12022.43,1.25
724,1724,Compliance,25014,3463.37,1.04
725,1725,Finance,80749,14395.88,1.28
726,1726,Technology,196932,22146.14,0.87
727,1727,HR,51079,6598.16,0.71
728,1728,HR,106971,9029.83,1.01
729,1729,Finance,149733,29705.29,0.87
730,1730,Finance,185997,10409.13,1.18
731,1731,Compliance,144406,26834.37,1.17
732,1732,Technology,47549,7167.52,1.27
733,1733,Technology,36991,1956.85,0.89
734,1734,Operations,39942,2023.09,0.95
735,1735,Customer Support,77123,7092.59,0.96
736,1736,Compliance,38554,4102.86,0.83
737,1737,Customer Support,39483,4793.67,1.08
738,1738,Compliance,36403,4929.9,0.97
739,1739,HR,104422,19633.62,1.02
740,1740,Compliance,190767,10647.51,1.1
741,1741,Compliance,143747,18410.52,0.83
742,1742,Customer Support,199971,19745.26,1.07
743,1743,Customer Support,59828,3049.05,1.04
744,1744,Sales,146997,16911.53,0.97
745,1745,Technology,29602,3339.67,0.73
746,1746,Technology,139827,24884.68,1.04
747,1747,Compliance,26272,2384.85,1.24
748,1748,Operations,114578,22584.68,1.02
749,1749,Compliance,32988,3119.85,0.99
750,1750,Compliance,52511,7096.86,1.07
751,1751,Customer Support,108432,5441.82,0.9
752,1752,HR,37040,2101.64,0.97
753,1753,Technology,25686,5095.94,1.03
754,1754,Customer Support,181191,15275.89,1.12
755,1755,Compliance,34518,3628.88,0.84
756,1756,Finance,93986,12889.12,1.25
757,1757,HR,86785,14656.46,1.09
758,1758,Customer Support,26747,4028.54,0.93
759,1759,Sales,42126,6600.75,1.15
760,1760,Customer Support,25718,3116.18,0.73
761,1761,Customer Support,38656,3998.42,0.98
762,1762,Technology,144449,25018.74,0.75
763,1763,HR,126371,21618.1,1.21
764,1764,Compliance,131763,25362.92,1.23
765,1765,Customer Support,88133,16442.42,0.9
766,1766,Customer Support,60510,10943.97,0.84
767,1767,Operations,79337,7015.18,1.06
768,1768,Customer Support,81209,11302.81,0.87
769,1769,Sales,95672,5251.32,1.27
770,1770,Operations,31794,1974.32,0.9
771,1771,Compliance,108987,9738.56,1.25
772,1772,Sales,83883,12261.14,0.88
773,1773,Technology,89268,12858.99,1.17
774,1774,Compliance,199028,20076.07,0.97
775,1775,HR,33330,5892.93,1.04
776,1776,Customer Support,63542,6874.11,1.3
777,1777,HR,43145,7743.74,0.72
778,1778,Sales,71217,4991.98,0.98
779,1779,Operations,84335,7407.68,1.0
780,1780,Finance,60626,11506.7,0.97
781,1781,HR,144415,7423.73,0.94
782,1782,HR,164859,16862.55,1.3
783,1783,Finance,55540,9160.39,1.17
784,1784,Sales,33612,6474.5,1.08
785,1785,Sales,129032,11945.44,1.23
786,1786,Customer Support,88957,14010.57,0.97
787,1787,Operations,89048,6524.3,0.98
788,1788,Finance,141386,20190.49,1.19
789,1789,Finance,45641,4597.74,1.26
790,1790,Customer Support,73319,6106.79,0.89
791,1791,Operations,26996,4549.96,0.74
792,1792,Finance,34749,2552.05,0.93
793,1793,Technology,167411,12450.18,0.84
794,1794,HR,74263,4432.19,0.95
795,1795,Customer Support,80977,14307.86,1.29
796,1796,Compliance,80980,15667.09,0.82
797,1797,Finance,48379,6705.8,1.3
798,1798,Customer Support,105681,12921.24,0.85
799,1799,Customer Support,192138,34421.45,1.12
800,1800,Customer Support,103036,6192.6,1.15
801,1801,Sales,132853,23067.46,0.78
802,1802,Technology,87500,14435.01,0.76
803,1803,HR,39884,7868.05,0.74
804,1804,Technology,46114,7992.01,1.3
805,1805,HR,32122,4408.5,0.91
806,1806,Sales,49983,7355.39,0.74
807,1807,Compliance,154689,26296.25,1.23
808,1808,Compliance,36555,2061.95,1.02
809,1809,Customer Support,36927,5752.56,0.94
810,1810,Compliance,128462,14064.87,0.72
811,1811,Operations,112980,13754.96,1.05
812,1812,Compliance,45720,6370.29,1.11
813,1813,HR,84686,16327.38,1.2
814,1814,Compliance,97796,6567.24,1.23
815,1815,Compliance,60552,9785.34,0.9
816,1816,Technology,34593,5870.17,1.23
817,1817,Finance,145595,20989.0,1.0
818,1818,HR,119501,7970.34,0.92
819,1819,HR,130393,10335.18,0.84
820,1820,Operations,113281,16688.53,0.82
821,1821,Customer Support,34562,4766.77,0.94
822,1822,Finance,56742,6571.08,1.25
823,1823,HR,30198,3471.01,0.8
824,1824,Technology,183144,29098.93,0.71
825,1825,Compliance,48422,8564.93,1.21
826,1826,Customer Support,86981,14938.43,0.73
827,1827,Technology,169799,31319.02,1.07
828,1828,Compliance,45909,4009.34,1.11
829,1829,Finance,134357,12464.74,0.87
830,1830,Finance,124669,21764.07,0.98
831,1831,Operations,86343,14947.68,1.04
832,1832,Operations,100620,13689.14,1.04
833,1833,Finance,198178,35307.28,1.29
834,1834,Compliance,71845,4316.75,1.11
835,1835,Finance,58168,4730.2,0.94
836,1836,Technology,134398,21398.25,1.03
837,1837,Customer Support,71032,7009.88,0.75
838,1838,HR,86844,9085.43,0.73
839,1839,Finance,33586,4395.11,0.9
840,1840,Technology,33335,3950.85,0.85
841,1841,Compliance,166371,24504.57,1.23
842,1842,Finance,26593,3263.99,1.28
843,1843,Customer Support,29570,2123.57,1.13
844,1844,Finance,170835,22447.09,1.01
845,1845,Customer Support,187497,36473.29,1.28
846,1846,Customer Support,28674,3825.34,1.06
847,1847,Technology,58997,6978.12,0.88
848,1848,Compliance,31837,3004.69,1.02
849,1849,Compliance,195427,26537.51,1.03
850,1850,Operations,70254,11661.54,1.09
851,1851,Technology,55294,10197.87,0.71
852,1852,Finance,51902,3773.18,1.14
853,1853,HR,149801,29342.0,0.8
854,1854,Technology,141674,18892.16,1.12
855,1855,Finance,175037,22121.73,0.82
856,1856,Finance,27091,1643.69,0.87
857,1857,Compliance,192704,20478.23,0.79
858,1858,HR,29214,4090.58,1.2
859,1859,HR,42208,6249.22,1.18
860,1860,Operations,73237,10237.38,1.28
861,1861,Technology,57764,7950.86,0.96
862,1862,Compliance,111861,14544.7,0.72
863,1863,HR,49915,9598.84,1.28
864,1864,Compliance,30721,5647.17,0.93
865,1865,Sales,35874,5522.92,0.98
866,1866,Operations,30195,5547.59,0.85
867,1867,Finance,52163,10365.26,1.17
868,1868,Customer Support,64280,7250.96,0.8
869,1869,Finance,113701,8416.19,0.89
870,1870,Sales,142050,17195.29,0.97
871,1871,Customer Support,38301,7122.82,0.88
872,1872,Customer Support,34743,5408.43,1.24
873,1873,Sales,117733,11896.75,1.12
874,1874,Operations,36237,5172.58,0.77
875,1875,Sales,142938,17723.54,0.78
876,1876,Compliance,26611,3352.26,0.76
877,1877,Sales,28549,1669.04,1.22
878,1878,Finance,129900,6809.53,1.19
879,1879,Sales,103969,12682.93,1.09
880,1880,Customer Support,35798,6167.53,1.18
881,1881,HR,177238,16567.51,0.85
882,1882,Compliance,64910,12080.63,0.72
883,1883,Sales,99418,6050.62,1.15
884,1884,HR,63745,6593.74,0.88
885,1885,Sales,50859,6988.05,0.96
886,1886,Technology,47173,4780.26,0.85
887,1887,HR,46668,7821.45,1.0
888,1888,Finance,49274,6653.51,1.17
889,1889,Compliance,159307,24953.12,1.15
890,1890,HR,43789,4338.25,1.21
891,1891,Compliance,32955,4262.42,1.01
892,1892,HR,50610,6595.9,0.78
893,1893,Customer Support,183830,35087.15,1.12
894,1894,Technology,168909,13716.48,1.12
895,1895,Operations,185424,20141.97,1.18
896,1896,Technology,31313,5854.48,0.74
897,1897,Sales,37401,5271.24,1.05
898,1898,HR,113338,22074.95,0.84
899,1899,Customer Support,27001,4578.33,1.06
900,1900,Operations,47774,7796.51,1.23
901,1901,Compliance,165044,10604.71,1.08
902,1902,Technology,182399,33969.34,0.79
903,1903,Finance,29080,4130.8,1.07
904,1904,HR,132635,20907.65,0.92
905,1905,Finance,28298,4326.21,1.27
906,1906,Sales,35390,5100.31,0.95
907,1907,Technology,30575,5885.25,0.81
908,1908,Operations,28846,2950.43,1.16
909,1909,Sales,104069,18588.4,0.94
910,1910,HR,69950,10240.12,1.1
911,1911,Sales,91872,5689.8,1.25
912,1912,Technology,81970,9460.2,0.97
913,1913,Technology,42463,4057.83,0.87
914,1914,Finance,159965,23844.4,0.89
915,1915,Customer Support,38958,4978.63,0.73
916,1916,Customer Support,119636,21799.3,1.03
917,1917,Compliance,140016,9124.6,1.12
918,1918,Customer Support,135936,19670.7,1.17
919,1919,HR,26544,2668.25,1.05
920,1920,Operations,50039,4727.28,0.86
921,1921,Sales,53708,6526.33,1.0
922,1922,Customer Support,54537,7574.53,0.71
923,1923,Operations,80791,15417.41,1.15
924,1924,Technology,30735,5465.89,1.19
925,1925,Sales,28874,3158.22,0.73
926,1926,Compliance,179763,11106.16,1.26
927,1927,Sales,28398,2163.11,1.04
928,1928,Finance,43240,7606.85,1.05
929,1929,Operations,91597,12113.0,0.73
930,1930,HR,80545,12923.12,0.74
931,1931,HR,29707,5429.45,1.27
932,1932,Technology,98939,18088.87,0.83
933,1933,Finance,132848,13776.75,1.1
934,1934,Finance,91385,14148.88,0.93
935,1935,Technology,163013,25214.23,1.26
936,1936,Finance,38962,5724.29,0.79
937,1937,Sales,36703,5778.39,1.21
938,1938,Operations,46279,6174.07,1.15
939,1939,Compliance,62420,5510.21,1.09
940,1940,Operations,40509,7779.61,1.26
941,1941,Finance,36126,2648.28,0.97
942,1942,Sales,86883,12585.8,0.9
943,1943,HR,133124,19645.42,0.82
944,1944,HR,32640,2317.82,0.99
945,1945,Customer Support,111016,17925.22,0.93
946,1946,Operations,94508,5797.29,1.2
947,1947,Operations,68504,8704.46,0.98
948,1948,Customer Support,39658,1987.8,0.94
949,1949,Finance,167938,21431.57,1.26
950,1950,Compliance,162181,14664.5,1.26
951,1951,Finance,57649,11010.86,0.77
952,1952,Finance,181645,25340.93,1.19
953,1953,Sales,195795,21817.03,0.71
954,1954,Customer Support,28282,5240.99,0.71
955,1955,Sales,37916,2107.36,1.08
956,1956,HR,40009,4165.82,0.92
957,1957,Compliance,37274,5730.96,1.21
958,1958,Finance,52600,6963.59,1.05
959,1959,Technology,41550,2174.26,0.79
960,1960,Compliance,27179,3999.8,0.91
961,1961,Compliance,34559,5831.97,1.16
962,1962,Customer Support,30835,3421.95,0.88
963,1963,Sales,37347,7268.18,1.16
964,1964,Customer Support,137516,9596.5,0.99
965,1965,Compliance,35372,4527.58,1.2
966,1966,Sales,68218,13350.53,0.76
967,1967,Operations,38238,4052.95,1.26
968,1968,Finance,99485,12093.68,1.26
969,1969,Sales,56839,5904.91,1.23
970,1970,Operations,170317,28532.15,1.01
971,1971,HR,113543,6134.44,0.79
972,1972,HR,152694,20344.55,0.79
973,1973,Sales,29648,3626.23,0.83
974,1974,Sales,123225,20802.74,1.25
975,1975,HR,45736,2639.67,0.88
976,1976,Sales,69584,11874.9,1.27
977,1977,Technology,68320,6549.68,1.16
978,1978,Operations,55974,10100.72,1.27
979,1979,Sales,116736,17407.76,1.01
980,1980,Customer Support,64677,10826.47,0.89
981,1981,HR,68410,9140.89,1.18
982,1982,Compliance,36892,3380.7,0.86
983,1983,Compliance,45293,8110.28,1.0
984,1984,HR,165146,26901.09,0.85
985,1985,Customer Support,85336,4424.04,0.82
986,1986,Operations,87447,14714.9,1.13
987,1987,Sales,26155,2371.1,0.79
988,1988,Sales,73941,8138.9,0.76
989,1989,Compliance,69678,8910.7,1.24
990,1990,Operations,83774,8041.12,1.25
991,1991,Finance,137148,22044.62,1.13
992,1992,Operations,86969,6822.12,0.93
993,1993,Customer Support,26340,4885.1,1.04
994,1994,Sales,26750,2251.63,1.14
995,1995,Compliance,37151,6509.85,0.72
996,1996,Technology,97631,6552.32,0.85
997,1997,Sales,104288,10272.29,1.23
998,1998,Finance,34147,4520.2,0.79
999,1999,Customer Support,36193,6285.09,1.24
1000,2000,Customer Support,170934,32075.99,1.28
1001,2001,Customer Support,103556,5487.11,0.84
1002,2002,Sales,30553,3152.0,1.17
1003,2003,Compliance,113086,7974.72,0.97
1004,2004,Finance,32873,2263.23,1.24
1005,2005,Sales,25426,1279.72,1.18
1006,2006,Customer Support,59055,4636.0,1.11
1007,2007,Compliance,186090,18750.35,1.15
1008,2008,Customer Support,87779,7367.78,0.95
1009,2009,Operations,190404,21754.54,1.03
1010,2010,Finance,36764,4591.37,0.86
1011,2011,Finance,195828,38983.52,1.29
1012,2012,Customer Support,33453,2514.34,0.89
1013,2013,Compliance,41254,5952.21,0.86
1014,2014,HR,78412,12746.17,0.9
1015,2015,Customer Support,154827,13663.68,1.14
1016,2016,Compliance,26931,1449.5,1.18
1017,2017,Customer Support,44038,5606.8,1.04
1018,2018,HR,53545,4992.23,0.91
1019,2019,HR,76242,6054.97,1.26
1020,2020,Compliance,45437,8522.12,1.1
1021,2021,HR,133588,23038.11,0.98
1022,2022,Compliance,189149,27316.65,1.04
1023,2023,Customer Support,30594,5149.73,1.26
1024,2024,Customer Support,63924,11484.92,1.08
1025,2025,Operations,27722,4296.42,1.28
1026,2026,Customer Support,39971,7746.67,1.21
1027,2027,Customer Support,147390,13190.34,0.77
1028,2028,Compliance,28300,5558.53,0.75
1029,2029,Compliance,106015,6271.6,1.06
1030,2030,HR,85689,16959.87,1.09
1031,2031,HR,33182,5351.03,0.74
1032,2032,Operations,91347,15020.36,0.78
1033,2033,Sales,34336,6082.04,0.86
1034,2034,Sales,101761,12570.25,0.86
1035,2035,Compliance,68506,4642.78,1.24
1036,2036,Technology,199236,20718.58,1.26
1037,2037,HR,33964,2370.16,1.26
1038,2038,Operations,196505,36159.31,0.8
1039,2039,HR,26590,2807.89,1.27
1040,2040,Sales,52137,7484.14,1.15
1041,2041,Compliance,123727,13887.89,1.21
1042,2042,Operations,66243,11650.68,1.25
1043,2043,Compliance,65065,4258.0,0.81
1044,2044,Customer Support,147947,21697.97,1.29
1045,2045,Technology,111629,7861.23,1.28
1046,2046,Finance,68239,3840.2,0.79
1047,2047,Operations,36410,7030.51,0.9
1048,2048,Finance,178154,22812.31,1.11
1049,2049,HR,39133,6692.9,0.91
1050,2050,Compliance,35752,1872.98,1.29
1051,2051,Operations,137210,14283.7,0.88
1052,2052,Compliance,64343,3880.36,1.11
1053,2053,Technology,58062,6338.67,1.19
1054,2054,HR,103360,19618.47,0.99
1055,2055,Compliance,142182,9643.86,0.94
1056,2056,Sales,27175,4988.98,0.89
1057,2057,Technology,153936,23702.05,0.86
1058,2058,Operations,81721,4866.74,0.8
1059,2059,Sales,32995,2351.62,1.22
1060,2060,Sales,143226,11039.74,1.17
1061,2061,Finance,126482,15111.34,0.82
1062,2062,Operations,27356,1674.99,1.05
1063,2063,Customer Support,30251,1773.46,0.73
1064,2064,HR,175991,28999.86,1.04
1065,2065,Sales,59835,5413.88,0.95
1066,2066,Customer Support,79436,8949.18,0.8
1067,2067,Technology,45577,5736.76,1.12
1068,2068,Operations,148646,21665.46,1.12
1069,2069,Sales,109732,17155.49,0.76
1070,2070,HR,87146,9746.6,1.13
1071,2071,Customer Support,28164,2939.48,0.81
1072,2072,Operations,32431,6299.15,0.84
1073,2073,Sales,121265,22842.35,0.76
1074,2074,Technology,141212,25031.24,0.83
1075,2075,Operations,83388,13301.4,1.12
1076,2076,Operations,48686,6680.59,1.04
1077,2077,Sales,102955,14715.64,1.01
1078,2078,Finance,100953,16055.07,1.04
1079,2079,Compliance,89873,7329.66,1.01
1080,2080,Finance,182444,26567.35,1.25
1081,2081,HR,45353,6422.98,1.1
1082,2082,Finance,82264,9796.94,0.78
1083,2083,Compliance,130028,7882.94,1.1
1084,2084,Customer Support,80243,15991.52,0.86
1085,2085,Technology,49232,3383.63,1.22
1086,2086,Technology,65664,9392.83,0.87
1087,2087,Customer Support,59687,3624.48,0.7
1088,2088,HR,86357,11611.58,1.25
1089,2089,HR,168301,16680.25,1.02
1090,2090,Sales,31030,2214.23,0.98
1091,2091,Operations,90835,10557.36,1.18
1092,2092,HR,111111,14846.58,1.26
1093,2093,Finance,147309,21082.8,1.15
1094,2094,Compliance,34268,4439.59,1.26
1095,2095,Operations,43398,7156.86,0.86
1096,2096,Operations,28864,3913.59,1.29
1097,2097,Customer Support,70531,13776.77,0.93
1098,2098,Operations,35306,6597.33,1.22
1099,2099,Sales,54912,3767.97,0.84
1100,2100,Finance,29537,3101.85,1.28
1101,2101,Technology,102887,7942.4,1.05
1102,2102,Sales,34346,5517.94,1.17
1103,2103,Compliance,36636,2758.65,1.19
1104,2104,Compliance,91416,12993.03,1.06
1105,2105,Sales,133941,26411.85,0.76
1106,2106,Operations,38723,5522.44,1.26
1107,2107,Customer Support,27065,2017.61,1.28
1108,2108,Sales,27471,4862.59,0.98
1109,2109,Customer Support,60993,8863.79,0.71
1110,2110,HR,34569,3545.26,1.25
1111,2111,Customer Support,44823,2304.1,0.71
1112,2112,Technology,156360,9126.68,0.94
1113,2113,Sales,97832,5464.15,1.06
1114,2114,Technology,85706,8769.87,1.25
1115,2115,Operations,93198,16553.34,0.74
1116,2116,Sales,84708,10852.57,0.83
1117,2117,Finance,193620,19062.91,1.28
1118,2118,Operations,133118,11721.82,1.15
1119,2119,Customer Support,47726,7556.66,1.29
1120,2120,Finance,58939,5216.8,0.73
1121,2121,Compliance,55669,4855.7,0.94
1122,2122,Sales,61271,11939.49,0.9
1123,2123,Technology,27611,4334.38,0.71
1124,2124,Sales,38809,6398.4,0.72
1125,2125,Technology,26262,3439.56,0.84
1126,2126,HR,79077,9924.53,1.25
1127,2127,Customer Support,103690,10185.97,0.8
1128,2128,Compliance,164263,32697.25,1.06
1129,2129,Technology,43644,4681.85,1.19
1130,2130,Operations,122038,10167.72,0.96
1131,2131,Customer Support,138871,12141.15,1.04
1132,2132,Operations,136429,11593.48,1.2
1133,2133,Technology,88524,17020.94,1.27
1134,2134,HR,133925,25983.35,1.27
1135,2135,Sales,142284,9584.05,1.19
1136,2136,Compliance,52220,10433.61,1.29
1137,2137,Compliance,113028,7393.68,1.27
1138,2138,Sales,35661,3946.45,0.98
1139,2139,Customer Support,37020,5591.92,1.04
1140,2140,Finance,91894,8570.51,0.99
1141,2141,Technology,50513,4993.47,0.7
1142,2142,Sales,30515,2638.27,1.1
1143,2143,Finance,99105,16453.92,1.3
1144,2144,Operations,180653,31545.86,1.11
1145,2145,Sales,111855,11074.11,1.13
1146,2146,Technology,38237,6289.46,0.92
1147,2147,Customer Support,197328,25969.48,0.91
1148,2148,Customer Support,32313,5758.62,1.14
1149,2149,Technology,34668,2220.11,1.21
1150,2150,HR,97083,12397.07,0.9
1151,2151,Operations,43345,2308.3,0.94
1152,2152,Finance,39960,4259.95,0.87
1153,2153,Finance,56979,6001.41,0.7
1154,2154,Compliance,153566,24572.78,1.15
1155,2155,Customer Support,178120,21941.72,0.7
1156,2156,HR,37372,6966.32,0.8
1157,2157,Finance,48693,5716.68,1.0
1158,2158,Finance,40498,3984.2,0.81
1159,2159,Customer Support,137100,25210.52,0.93
1160,2160,Customer Support,115875,16919.82,0.79
1161,2161,Customer Support,110618,7903.75,1.26
1162,2162,Compliance,171369,23760.28,1.28
1163,2163,Finance,53381,5871.8,0.95
1164,2164,Finance,25151,3668.71,0.77
1165,2165,HR,30475,2249.55,1.04
1166,2166,Finance,139453,21354.28,1.24
1167,2167,Compliance,54776,9970.83,0.81
1168,2168,Operations,34083,3915.14,1.09
1169,2169,Finance,132191,7661.46,1.28
1170,2170,Operations,65627,4764.85,0.95
1171,2171,Finance,98608,17964.93,0.8
1172,2172,HR,42205,6700.88,0.95
1173,2173,Customer Support,155163,23671.7,1.16
1174,2174,Operations,167890,20333.61,0.92
1175,2175,Sales,180659,14223.22,0.82
1176,2176,Customer Support,155504,25969.02,0.85
1177,2177,Operations,104633,8020.29,1.3
1178,2178,Operations,65068,5576.19,1.22
1179,2179,Technology,90040,13195.19,1.22
1180,2180,Compliance,39390,5547.04,0.88
1181,2181,Technology,108606,7129.34,1.14
1182,2182,Finance,74785,11899.8,1.22
1183,2183,Operations,131492,21041.88,1.25
1184,2184,Sales,27754,2736.99,1.0
1185,2185,Finance,82306,9620.14,0.79
1186,2186,Operations,116908,6566.62,0.79
1187,2187,Customer Support,27482,2236.58,1.05
1188,2188,Customer Support,176314,32198.56,1.1
1189,2189,Finance,47559,5135.37,1.08
1190,2190,HR,175232,25637.74,1.27
1191,2191,Technology,63207,8892.62,0.75
1192,2192,Sales,33424,2977.81,1.25
1193,2193,Finance,172225,11972.09,1.08
1194,2194,Finance,58181,9954.17,1.16
1195,2195,Sales,187420,25082.33,0.85
1196,2196,HR,31486,4788.61,1.25
1197,2197,HR,102894,14152.95,1.04
1198,2198,Finance,27790,3367.56,1.19
1199,2199,Finance,71756,14021.49,0.94
1200,2200,Finance,132549,15009.55,1.04
1201,2201,Customer Support,77020,12589.31,0.96
1202,2202,HR,29210,3005.95,0.86
1203,2203,Finance,131426,25419.38,0.91
1204,2204,Customer Support,120142,18313.4,1.17
1205,2205,Compliance,115971,8730.84,1.26
1206,2206,Sales,57930,3756.24,1.03
1207,2207,Technology,115036,9392.62,1.0
1208,2208,Compliance,61147,6636.68,1.07
1209,2209,Operations,194936,24241.45,1.01
1210,2210,HR,56068,4607.75,1.08
1211,2211,Compliance,112370,11170.37,0.71
1212,2212,HR,178260,13955.76,0.77
1213,2213,Finance,74944,4672.89,1.19
1214,2214,Technology,48210,2586.48,1.25
1215,2215,HR,62193,5305.5,1.24
1216,2216,Compliance,128907,25513.28,0.91
1217,2217,HR,58930,7051.8,0.84
1218,2218,Finance,98177,5939.35,0.8
1219,2219,Sales,125450,10914.98,1.0
1220,2220,HR,101542,16294.74,1.27
1221,2221,Customer Support,50680,3574.43,1.27
1222,2222,Customer Support,143523,23966.01,0.98
1223,2223,Customer Support,164389,15594.78,0.97
1224,2224,Customer Support,138583,21122.25,0.91
1225,2225,Technology,99497,7155.83,1.11
1226,2226,Operations,38760,5803.35,0.78
1227,2227,Operations,136002,10407.19,0.79
1228,2228,Sales,151343,25343.51,0.8
1229,2229,Customer Support,141324,27549.44,0.87
1230,2230,HR,37674,4953.95,0.73
1231,2231,Compliance,105647,20937.21,0.84
1232,2232,Sales,31584,5017.75,1.11
1233,2233,Finance,115308,20020.21,1.08
1234,2234,Operations,49103,3822.03,0.87
1235,2235,HR,29826,4789.53,1.27
1236,2236,Operations,171787,33876.77,0.89
1237,2237,Compliance,58814,8062.18,1.16
1238,2238,HR,69312,6654.05,1.0
1239,2239,Customer Support,67976,4378.67,1.22
1240,2240,Finance,117142,21061.31,0.73
1241,2241,HR,88832,6307.22,1.3
1242,2242,Compliance,165928,18557.16,0.71
1243,2243,Finance,157397,12641.71,0.94
1244,2244,Compliance,36124,2087.93,0.92
1245,2245,Finance,69174,11563.85,1.26
1246,2246,Technology,33821,3071.05,1.29
1247,2247,Compliance,69627,5297.68,1.22
1248,2248,Technology,118929,16213.21,1.21
1249,2249,Operations,41361,7752.19,0.93
1250,2250,Sales,136029,8016.51,1.28
1251,2251,Operations,63277,9384.92,1.27
1252,2252,Finance,46078,2790.25,1.19
1253,2253,Operations,191178,20918.25,1.15
1254,2254,Compliance,31870,3188.75,0.76
1255,2255,Customer Support,146492,9640.23,0.91
1256,2256,Finance,34371,2801.8,1.28
1257,2257,HR,91506,16649.59,0.93
1258,2258,HR,103673,19876.17,1.08
1259,2259,Technology,29758,2551.58,1.01
1260,2260,HR,62995,8213.75,0.8
1261,2261,Compliance,35328,6186.11,0.83
1262,2262,Customer Support,92473,7412.82,0.94
1263,2263,Finance,29606,5839.52,0.73
1264,2264,Technology,29536,4060.71,0.76
1265,2265,Sales,83662,7957.39,0.73
1266,2266,Compliance,41239,6116.79,1.01
1267,2267,Finance,77423,10982.87,0.97
1268,2268,HR,82435,11705.25,0.86
1269,2269,Operations,32344,5299.91,1.29
1270,2270,Technology,41717,7556.32,1.3
1271,2271,Sales,40947,6956.39,1.2
1272,2272,HR,66156,8943.14,0.75
1273,2273,Finance,46011,4874.49,0.95
1274,2274,Compliance,79715,4593.31,0.72
1275,2275,Customer Support,34921,4525.48,0.96
1276,2276,Operations,33931,1927.99,1.28
1277,2277,Finance,67633,7665.98,0.72
1278,2278,Sales,54950,5614.27,1.04
1279,2279,Customer Support,130262,24637.56,0.93
1280,2280,Compliance,26183,3822.07,1.17
1281,2281,Compliance,27142,4112.5,1.01
1282,2282,HR,38523,5413.26,1.2
1283,2283,Customer Support,32061,6146.87,1.24
1284,2284,Finance,37019,6707.36,0.77
1285,2285,Compliance,194668,28367.72,1.25
1286,2286,Customer Support,183615,11035.81,1.01
1287,2287,Compliance,25377,3165.91,1.18
1288,2288,Customer Support,34925,3225.01,0.85
1289,2289,Finance,25157,3473.65,0.76
1290,2290,Customer Support,80951,16142.59,0.94
1291,2291,Customer Support,67527,4150.98,0.96
1292,2292,HR,26215,2510.58,0.79
1293,2293,Operations,138805,27205.2,0.72
1294,2294,Technology,63357,7789.09,0.94
1295,2295,HR,92540,14587.03,0.94
1296,2296,Sales,118169,14454.11,1.3
1297,2297,Finance,75965,6407.7,1.16
1298,2298,HR,139320,11254.29,0.78
1299,2299,Compliance,68983,8818.18,1.27
1300,2300,Sales,29441,3606.15,0.7
1301,2301,Compliance,118085,14059.43,1.14
1302,2302,Customer Support,36694,4326.96,0.94
1303,2303,Operations,36677,4117.15,1.2
1304,2304,Customer Support,145371,14647.23,1.02
1305,2305,HR,36602,6606.1,0.94
1306,2306,HR,27441,2372.01,0.94
1307,2307,Sales,39738,5754.46,1.11
1308,2308,HR,69251,5582.95,1.28
1309,2309,Technology,101809,14205.99,0.86
1310,2310,Compliance,111415,9693.14,1.28
1311,2311,Customer Support,74119,9299.81,0.93
1312,2312,Technology,65526,8027.58,1.27
1313,2313,Sales,53020,5277.46,1.18
1314,2314,Compliance,60966,11528.36,0.8
1315,2315,Sales,74951,9701.54,1.08
1316,2316,Customer Support,140071,20406.08,0.84
1317,2317,Technology,154301,29324.6,0.71
1318,2318,Compliance,151602,29132.48,1.09
1319,2319,Finance,76136,4762.79,0.74
1320,2320,Customer Support,59023,3327.33,1.16
1321,2321,Compliance,65919,6242.48,1.22
1322,2322,Finance,50881,6659.74,1.3
1323,2323,Customer Support,57967,7796.9,0.75
1324,2324,Customer Support,161361,24426.3,0.77
1325,2325,Compliance,108975,12255.03,1.27
1326,2326,Operations,163065,9242.42,0.88
1327,2327,Customer Support,102917,15117.91,0.95
1328,2328,HR,139743,9718.51,0.92
1329,2329,Technology,85042,7929.79,0.85
1330,2330,Sales,42753,3173.75,0.84
1331,2331,Compliance,131413,21587.35,1.07
1332,2332,Operations,25023,3439.46,0.87
1333,2333,Sales,41954,5746.45,1.17
1334,2334,Technology,90165,16513.27,0.75
1335,2335,Operations,26697,2587.32,0.9
1336,2336,Technology,64687,9527.17,0.93
1337,2337,HR,32029,6065.37,1.22
1338,2338,Finance,75510,6908.39,0.87
1339,2339,Customer Support,69088,12440.11,0.75
1340,2340,HR,39389,4039.7,0.73
1341,2341,Technology,30208,3115.74,1.01
1342,2342,Technology,111526,14458.12,1.05
1343,2343,Operations,27195,2289.45,0.85
1344,2344,Customer Support,129840,23547.18,1.08
1345,2345,Technology,127731,8075.43,1.09
1346,2346,Technology,85378,10396.03,0.88
1347,2347,Compliance,35990,5462.95,1.16
1348,2348,Customer Support,94322,7818.69,1.19
1349,2349,Sales,71355,6785.79,0.75
1350,2350,Technology,185749,20030.03,0.85
1351,2351,Compliance,138751,22890.8,0.98
1352,2352,Sales,92750,18309.82,1.2
1353,2353,Finance,86964,14504.56,0.7
1354,2354,HR,58713,9550.19,0.72
1355,2355,Compliance,37639,3441.11,1.14
1356,2356,Compliance,27517,3243.15,1.23
1357,2357,Customer Support,62578,3761.41,0.73
1358,2358,Finance,26019,5104.51,0.99
1359,2359,Compliance,68509,12727.3,1.07
1360,2360,HR,91629,11172.66,0.87
1361,2361,Operations,142035,24402.0,1.24
1362,2362,Technology,165433,15091.22,1.16
1363,2363,Sales,163875,15266.76,0.81
1364,2364,Compliance,74932,7860.66,1.03
1365,2365,Finance,110681,20179.77,1.29
1366,2366,Finance,43500,4015.57,1.1
1367,2367,Finance,113653,20341.01,1.3
1368,2368,Sales,107660,8191.98,1.26
1369,2369,HR,150512,9887.01,1.28
1370,2370,Technology,108208,12568.8,0.78
1371,2371,Compliance,171418,9960.86,1.14
1372,2372,Sales,94814,11522.78,0.95
1373,2373,Technology,58862,4743.3,1.13
1374,2374,Operations,79773,9802.76,0.86
1375,2375,HR,196290,16911.4,1.29
1376,2376,Compliance,104614,9908.49,0.98
1377,2377,Technology,41365,7274.32,0.86
1378,2378,Technology,104484,15814.08,1.24
1379,2379,HR,36464,3959.68,0.79
1380,2380,Compliance,39875,4266.17,0.71
1381,2381,Sales,36071,2914.61,1.19
1382,2382,Finance,30324,2725.97,0.96
1383,2383,Customer Support,37845,5856.02,1.0
1384,2384,Operations,119086,17816.45,0.83
1385,2385,Customer Support,158986,10022.56,1.13
1386,2386,Compliance,61162,4634.81,0.9
1387,2387,Finance,82955,5364.64,0.89
1388,2388,Finance,31318,2322.47,1.2
1389,2389,Compliance,70260,6392.42,1.09
1390,2390,Operations,109194,12722.93,0.87
1391,2391,HR,55642,9694.55,1.06
1392,2392,Finance,29434,2423.37,1.08
1393,2393,Compliance,83503,16070.88,0.88
1394,2394,Customer Support,197881,20308.02,1.26
1395,2395,HR,97768,7204.26,1.26
1396,2396,Sales,192713,14912.94,0.74
1397,2397,Operations,186379,25220.17,1.25
1398,2398,Technology,115217,11802.07,0.95
1399,2399,Technology,33494,3008.98,0.94
1400,2400,Sales,29264,2023.11,1.28
1401,2401,Finance,42806,5722.5,0.77
1402,2402,Technology,155730,19230.8,0.91
1403,2403,Compliance,102518,12461.09,1.26
1404,2404,Sales,28695,1763.21,0.96
1405,2405,Sales,190495,18774.52,1.3
1406,2406,Finance,104379,9323.13,1.01
1407,2407,Customer Support,59482,11100.24,0.79
1408,2408,Customer Support,37786,6916.8,0.92
1409,2409,Operations,67764,5658.82,1.26
1410,2410,Customer Support,129255,7300.42,0.75
1411,2411,Finance,41097,6157.34,0.83
1412,2412,Compliance,53955,6599.35,1.1
1413,2413,Finance,58656,9449.79,0.72
1414,2414,Finance,28008,1511.3,1.11
1415,2415,Technology,110384,10126.55,0.72
1416,2416,HR,59523,5167.05,1.14
1417,2417,Technology,173018,10591.88,0.89
1418,2418,Operations,39342,2990.3,0.98
1419,2419,Sales,137846,16250.75,0.93
1420,2420,Sales,143009,11800.23,1.29
1421,2421,Finance,48127,7428.73,1.19
1422,2422,Compliance,48468,9091.37,1.09
1423,2423,Finance,194968,11485.34,0.73
1424,2424,Customer Support,196789,35138.25,0.78
1425,2425,HR,27851,3216.5,1.18
1426,2426,Operations,36818,4116.13,0.95
1427,2427,Technology,31148,3899.61,0.78
1428,2428,Technology,34392,5771.73,1.24
1429,2429,HR,94033,4941.18,1.18
1430,2430,Compliance,101324,18318.67,1.17
1431,2431,Technology,55316,3329.66,1.06
1432,2432,Technology,76449,8480.28,0.87
1433,2433,Customer Support,106344,18830.07,0.99
1434,2434,Technology,113837,21139.15,0.89
1435,2435,Customer Support,66218,12443.66,1.21
1436,2436,Customer Support,50541,5713.17,1.21
1437,2437,Operations,60014,7905.21,0.99
1438,2438,Finance,155157,15333.93,0.88
1439,2439,Compliance,55971,4165.14,1.28
1440,2440,Finance,28675,4712.01,1.16
1441,2441,Sales,31528,2085.02,0.96
1442,2442,HR,149156,13989.77,1.14
1443,2443,HR,185410,27210.43,0.76
1444,2444,Finance,119485,17708.85,0.83
1445,2445,Technology,61263,9418.7,1.15
1446,2446,Compliance,70644,3730.12,1.14
1447,2447,Sales,153881,19239.58,1.1
1448,2448,Customer Support,102301,15782.87,0.74
1449,2449,Customer Support,162650,24423.09,1.1
1450,2450,Compliance,52009,7893.99,1.23
1451,2451,HR,80060,9259.45,1.27
1452,2452,HR,48487,6030.05,1.1
1453,2453,Operations,76317,10543.52,0.97
1454,2454,Compliance,154399,23483.95,0.73
1455,2455,Customer Support,45428,5128.02,0.71
1456,2456,HR,44728,6531.0,1.17
1457,2457,Technology,153078,9768.78,1.04
1458,2458,HR,54802,7200.16,0.92
1459,2459,Compliance,62694,4777.84,1.05
1460,2460,Operations,144842,19016.48,0.97
1461,2461,Technology,175905,13396.81,1.23
1462,2462,Finance,93246,9387.54,1.04
1463,2463,Sales,95146,15236.76,0.86
1464,2464,Sales,27704,5460.41,1.21
1465,2465,Customer Support,65929,8130.9,1.21
1466,2466,Customer Support,125437,12290.8,0.72
1467,2467,HR,75364,5390.51,0.94
1468,2468,Customer Support,106636,13872.55,0.93
1469,2469,Compliance,46572,5928.73,1.01
1470,2470,HR,57676,7229.31,1.24
1471,2471,Sales,32412,4664.44,0.89
1472,2472,HR,41859,2235.9,0.75
1473,2473,HR,133250,10702.57,0.99
1474,2474,Compliance,85452,5206.54,0.77
1475,2475,Finance,57990,6542.51,0.9
1476,2476,Compliance,78737,8926.99,0.93
1477,2477,Customer Support,27189,3717.83,0.82
1478,2478,Compliance,99410,15544.01,1.2
1479,2479,Technology,43368,3941.73,0.72
1480,2480,Finance,165444,15813.58,0.8
1481,2481,Sales,48047,2403.04,0.91
1482,2482,Compliance,49427,6331.23,1.2
1483,2483,Customer Support,126204,20158.08,0.8
1484,2484,HR,77676,5718.36,1.03
1485,2485,Technology,79044,9182.04,0.88
1486,2486,Technology,49236,7862.12,0.88
1487,2487,Finance,58330,4392.01,1.03
1488,2488,Finance,118169,19011.43,0.74
1489,2489,Operations,94491,12063.67,1.08
1490,2490,Customer Support,148942,20415.28,0.78
1491,2491,Compliance,34688,3970.37,0.88
1492,2492,Technology,98440,11907.0,1.04
1493,2493,Finance,90995,7659.01,0.82
1494,2494,Sales,100448,13706.77,0.96
1495,2495,Compliance,126793,18115.13,1.18
1496,2496,Operations,101013,13125.91,0.97
1497,2497,Finance,49394,3011.93,0.85
1498,2498,Finance,28713,3742.48,1.06
1499,2499,Customer Support,58039,10854.27,1.28
1500,2500,Compliance,34435,3562.17,0.92
1501,2501,Technology,164615,9815.08,0.91
1502,2502,Customer Support,60459,5411.83,1.21
1503,2503,HR,28137,2656.91,1.26
1504,2504,Operations,52980,6708.85,0.98
1505,2505,Customer Support,112517,6800.82,0.84
1506,2506,Customer Support,26236,3610.45,0.71
1507,2507,Finance,34577,3185.92,1.18
1508,2508,Customer Support,85873,7928.7,1.15
1509,2509,Compliance,61173,9099.84,0.75
1510,2510,Compliance,137204,26131.37,0.91
1511,2511,Finance,186440,17378.21,0.86
1512,2512,Operations,32944,1689.76,1.24
1513,2513,Operations,166573,17075.43,1.1
1514,2514,Technology,196849,32151.22,1.25
1515,2515,Finance,187304,25173.95,0.91
1516,2516,Finance,81544,10843.11,0.89
1517,2517,HR,111568,16691.95,0.88
1518,2518,Technology,52545,3341.31,1.3
1519,2519,HR,86386,16583.22,1.14
1520,2520,HR,68111,10869.58,0.89
1521,2521,Finance,165523,16049.56,1.02
1522,2522,Operations,79913,8712.9,1.0
1523,2523,Compliance,81613,5460.28,1.14
1524,2524,Technology,27149,2610.24,0.91
1525,2525,Operations,169930,29511.46,0.77
1526,2526,HR,87333,13795.83,0.83
1527,2527,Technology,66871,6424.1,0.87
1528,2528,Technology,83688,12903.14,1.05
1529,2529,Customer Support,174551,10135.76,0.79
1530,2530,HR,33928,5701.47,0.98
1531,2531,HR,29118,4634.53,0.8
1532,2532,Sales,144217,26096.83,0.89
1533,2533,Finance,111635,9872.33,1.11
1534,2534,Customer Support,27471,4742.27,0.82
1535,2535,Compliance,43490,5031.53,0.93
1536,2536,Compliance,60904,5806.54,1.03
1537,2537,Finance,40856,2635.13,1.26
1538,2538,HR,36702,4318.9,1.03
1539,2539,Customer Support,43418,6356.53,0.72
1540,2540,HR,84602,6456.61,1.2
1541,2541,HR,65470,3934.16,0.96
1542,2542,Sales,35874,4150.41,1.17
1543,2543,Customer Support,68770,6861.17,0.73
1544,2544,Sales,115895,21316.18,0.9
1545,2545,Technology,38043,7143.63,0.88
1546,2546,Operations,47855,7731.19,0.79
1547,2547,Sales,79261,8161.98,0.88
1548,2548,HR,119139,13211.8,1.14
1549,2549,Compliance,64465,7374.08,0.73
1550,2550,HR,39744,5667.23,1.04
1551,2551,Customer Support,81909,5216.16,1.2
1552,2552,Sales,187618,15401.44,1.0
1553,2553,Sales,86200,11751.48,0.85
1554,2554,Compliance,36266,4980.23,1.3
1555,2555,Customer Support,59980,11241.11,0.94
1556,2556,Operations,54777,5080.51,1.14
1557,2557,Technology,91304,12369.33,1.28
1558,2558,Sales,48900,6026.07,1.19
1559,2559,Operations,139880,21539.15,1.05
1560,2560,Finance,186664,29467.84,1.01
1561,2561,Sales,27321,2190.11,0.97
1562,2562,Finance,47686,7378.9,1.28
1563,2563,Sales,143204,13609.88,0.77
1564,2564,Sales,48034,7648.42,1.26
1565,2565,Operations,145904,7726.43,0.78
1566,2566,Sales,100746,5438.55,1.23
1567,2567,Finance,59562,4484.32,0.77
1568,2568,Sales,58547,8743.82,0.88
1569,2569,Finance,125487,24472.29,0.97
1570,2570,Technology,27973,1594.11,0.9
1571,2571,HR,166135,20482.02,1.25
1572,2572,Finance,88718,12143.33,0.94
1573,2573,Compliance,48758,3840.34,0.99
1574,2574,Customer Support,94095,9674.72,1.16
1575,2575,Finance,26984,5342.01,0.76
1576,2576,Finance,88223,13294.47,1.13
1577,2577,Sales,98576,15104.19,0.75
1578,2578,Finance,48563,6968.38,0.77
1579,2579,HR,138732,9188.06,0.83
1580,2580,HR,61424,8702.88,1.13
1581,2581,HR,68962,6899.42,0.84
1582,2582,Operations,81419,4076.31,1.1
1583,2583,Finance,33273,3533.28,0.9
1584,2584,Operations,192610,24008.84,1.03
1585,2585,Customer Support,56036,3822.75,0.95
1586,2586,Finance,90942,6518.98,1.03
1587,2587,Compliance,133825,10642.07,1.28
1588,2588,Finance,121729,19481.15,1.14
1589,2589,Finance,130414,11104.96,0.84
1590,2590,HR,93840,10286.77,1.25
1591,2591,Technology,138132,14257.24,1.07
1592,2592,Operations,173419,11830.41,1.17
1593,2593,Sales,27710,5326.18,1.12
1594,2594,Customer Support,26542,2551.78,0.95
1595,2595,Technology,33312,6085.41,1.08
1596,2596,Compliance,74355,9168.3,1.2
1597,2597,Sales,30240,5951.7,0.84
1598,2598,Finance,111049,8111.83,0.76
1599,2599,Finance,39392,4454.5,0.85
1600,2600,Operations,25001,3105.59,1.07
1601,2601,Finance,64854,8827.03,1.2
1602,2602,Finance,38195,6291.58,0.78
1603,2603,Sales,161560,26968.29,0.72
1604,2604,Technology,37171,5456.06,0.93
1605,2605,Sales,121182,21007.02,0.83
1606,2606,Compliance,147854,20196.58,0.81
1607,2607,Finance,197507,23800.76,0.98
1608,2608,Operations,60306,7251.13,0.89
1609,2609,Customer Support,137443,7264.65,0.9
1610,2610,Sales,136581,13374.18,1.02
1611,2611,Operations,28197,4448.08,1.16
1612,2612,Technology,29592,4006.61,0.93
1613,2613,Compliance,189312,34985.01,1.14
1614,2614,Compliance,91930,6881.84,1.14
1615,2615,HR,36243,5246.96,1.12
1616,2616,Operations,109816,6040.23,1.24
1617,2617,Technology,61439,7346.4,0.74
1618,2618,Compliance,27682,3284.45,0.81
1619,2619,HR,39948,4721.14,0.83
1620,2620,Sales,39270,2329.42,0.76
1621,2621,Finance,58146,3290.61,1.11
1622,2622,Technology,169940,9976.6,0.78
1623,2623,Sales,102876,10628.0,1.0
1624,2624,Finance,99481,17497.9,1.07
1625,2625,Sales,86326,8858.67,1.2
1626,2626,Sales,148424,12068.27,1.21
1627,2627,Finance,35881,3548.29,0.79
1628,2628,Sales,27053,5280.39,0.97
1629,2629,Compliance,98965,7022.3,1.23
1630,2630,Finance,45473,7238.77,1.1
1631,2631,Technology,57977,11056.4,1.23
1632,2632,Technology,185923,34467.29,1.06
1633,2633,Compliance,176589,20105.91,0.76
1634,2634,Operations,33698,2225.75,0.92
1635,2635,Customer Support,34705,4617.49,0.91
1636,2636,HR,153429,21641.63,0.89
1637,2637,HR,31962,4583.19,0.86
1638,2638,Sales,105959,19314.88,0.85
1639,2639,Compliance,40743,6497.56,1.09
1640,2640,Customer Support,100317,19259.89,1.18
1641,2641,Technology,27133,2116.3,1.16
1642,2642,Finance,82127,11931.15,1.13
1643,2643,Technology,49901,5967.79,0.92
1644,2644,Sales,87452,8308.39,0.89
1645,2645,Operations,166569,17835.45,0.86
1646,2646,Customer Support,154089,14384.01,1.15
1647,2647,Finance,26773,4980.58,0.92
1648,2648,Customer Support,115926,8697.52,0.99
1649,2649,HR,31964,1791.98,0.96
1650,2650,Operations,74982,12780.2,0.83
1651,2651,Technology,99118,9492.34,0.89
1652,2652,Customer Support,29487,4286.37,1.22
1653,2653,Finance,67758,9150.98,0.89
1654,2654,Technology,117782,8078.24,1.11
1655,2655,Technology,78920,9274.38,0.97
1656,2656,Operations,38363,3080.37,0.77
1657,2657,HR,112024,17817.41,1.04
1658,2658,Operations,28842,2214.35,1.01
1659,2659,Customer Support,67743,3518.2,0.73
1660,2660,Technology,65507,12667.25,0.9
1661,2661,Sales,65694,11232.31,0.72
1662,2662,Technology,84914,10194.09,0.87
1663,2663,Technology,38178,4069.26,0.88
1664,2664,HR,48426,9313.0,0.86
1665,2665,Sales,51513,5832.67,0.74
1666,2666,Customer Support,59985,9591.96,0.89
1667,2667,Compliance,34767,5937.95,1.07
1668,2668,Customer Support,164667,24770.56,1.09
1669,2669,Technology,32880,5045.13,0.83
1670,2670,Operations,173337,13242.48,0.93
1671,2671,Finance,130623,17288.3,1.18
1672,2672,Customer Support,77549,6902.04,0.77
1673,2673,Sales,117427,6016.72,0.84
1674,2674,Finance,28392,2149.84,0.74
1675,2675,Sales,81449,12539.79,1.26
1676,2676,HR,64150,12421.39,1.09
1677,2677,Compliance,169075,22055.13,1.03
1678,2678,Customer Support,119300,7939.32,1.28
1679,2679,Operations,32560,3191.18,1.05
1680,2680,Sales,35306,4255.13,1.12
1681,2681,HR,83693,14077.02,0.72
1682,2682,Sales,36450,2401.03,0.98
1683,2683,Operations,49410,9107.48,1.01
1684,2684,Operations,66812,11988.35,0.84
1685,2685,Operations,56276,6901.14,1.02
1686,2686,HR,37083,5897.51,0.84
1687,2687,Operations,32386,4232.4,0.78
1688,2688,Compliance,70473,12236.18,0.75
1689,2689,HR,110882,8853.62,1.25
1690,2690,Sales,88792,8312.17,0.71
1691,2691,HR,40525,3691.09,0.95
1692,2692,Compliance,83575,5247.79,0.93
1693,2693,HR,114831,19439.98,0.88
1694,2694,Compliance,72076,6759.3,1.08
1695,2695,HR,32144,4334.89,1.26
1696,2696,Sales,199329,30959.41,1.21
1697,2697,Sales,62565,11926.66,0.95
1698,2698,Sales,68855,4255.59,1.28
1699,2699,Finance,31587,5984.59,0.76
1700,2700,Finance,171009,20951.5,0.84
1701,2701,Customer Support,122008,17903.79,0.9
1702,2702,Sales,39922,4627.02,0.98
1703,2703,HR,105662,13215.45,0.8
1704,2704,HR,32679,3917.89,0.77
1705,2705,Customer Support,172495,27275.59,1.07
1706,2706,Technology,132376,10788.07,1.17
1707,2707,Compliance,98953,11625.42,0.78
1708,2708,Technology,51364,6479.33,0.85
1709,2709,Operations,37321,6567.35,0.74
1710,2710,Customer Support,30277,3086.15,0.8
1711,2711,HR,32826,5373.0,1.29
1712,2712,Customer Support,31539,2293.95,0.86
1713,2713,Sales,53632,7520.32,0.86
1714,2714,Finance,27909,5296.02,0.97
1715,2715,Sales,138120,7935.32,1.05
1716,2716,HR,73375,4803.2,0.88
1717,2717,Customer Support,28706,3422.9,1.29
1718,2718,Technology,87884,14099.09,1.27
1719,2719,Operations,81518,8674.69,1.12
1720,2720,Finance,143416,21160.47,0.81
1721,2721,Technology,39272,3882.98,0.98
1722,2722,Operations,70772,11676.71,1.24
1723,2723,Finance,34803,4826.81,1.17
1724,2724,Finance,101437,11083.6,1.04
1725,2725,Sales,171886,28065.34,1.05
1726,2726,Compliance,43477,6285.09,1.16
1727,2727,Finance,25036,2916.32,0.89
1728,2728,HR,84442,8642.03,0.77
1729,2729,Technology,35030,3460.94,1.01
1730,2730,Finance,171758,28534.7,1.05
1731,2731,Operations,130149,23991.51,0.74
1732,2732,HR,92506,10452.56,1.23
1733,2733,Operations,30281,1782.6,1.3
1734,2734,Technology,27151,3839.39,1.27
1735,2735,Operations,79653,14056.79,0.82
1736,2736,Technology,154591,21174.52,0.73
1737,2737,HR,114262,22283.25,0.72
1738,2738,HR,107171,16598.74,1.15
1739,2739,HR,160801,17660.78,1.01
1740,2740,Customer Support,63336,11189.6,1.07
1741,2741,Operations,49116,3633.39,1.05
1742,2742,Operations,128206,10109.01,1.06
1743,2743,Sales,62266,12065.38,0.99
1744,2744,Compliance,60338,4489.25,0.95
1745,2745,Finance,49550,7884.41,1.23
1746,2746,Finance,175887,34517.36,0.83
1747,2747,Compliance,99444,11008.64,0.85
1748,2748,Compliance,175855,28574.03,1.2
1749,2749,Sales,62791,5333.62,1.0
1750,2750,Sales,65143,4928.53,0.78
1751,2751,Customer Support,166022,33077.94,1.18
1752,2752,Customer Support,90831,7201.65,1.23
1753,2753,Customer Support,47880,5741.34,1.07
1754,2754,Operations,182931,19197.67,0.74
1755,2755,Sales,53906,6996.36,0.95
1756,2756,Operations,96262,13287.84,0.77
1757,2757,Operations,96484,9951.57,1.06
1758,2758,Compliance,107617,5541.7,1.09
1759,2759,HR,57115,6311.96,1.06
1760,2760,Sales,133732,7312.56,1.19
1761,2761,Customer Support,27912,2199.1,0.89
1762,2762,Technology,37033,3306.88,1.13
1763,2763,Compliance,34524,4454.74,0.96
1764,2764,HR,144118,7319.04,0.98
1765,2765,Operations,27411,2086.73,1.11
1766,2766,HR,65124,6212.96,1.09
1767,2767,HR,84411,11429.09,0.93
1768,2768,Sales,154637,19188.64,1.21
1769,2769,Sales,69649,12751.56,1.28
1770,2770,Sales,119346,8515.43,1.29
1771,2771,Finance,34375,6081.84,0.74
1772,2772,HR,52807,3354.87,1.06
1773,2773,Customer Support,175279,10416.26,0.84
1774,2774,Finance,167581,9136.49,0.94
1775,2775,HR,176293,23920.83,0.75
1776,2776,Customer Support,66252,4673.73,0.74
1777,2777,Compliance,39726,3200.87,0.97
1778,2778,Sales,98411,7692.49,1.28
1779,2779,Customer Support,181626,19063.63,0.93
1780,2780,Customer Support,63343,11993.68,0.88
1781,2781,Compliance,113807,13085.44,1.11
1782,2782,HR,26185,1483.43,0.81
1783,2783,HR,35964,5076.0,0.77
1784,2784,Operations,33003,3193.28,1.1
1785,2785,Compliance,61759,4522.33,0.87
1786,2786,HR,149120,14207.45,0.82
1787,2787,Technology,75360,9019.07,0.82
1788,2788,Finance,43069,2229.28,1.09
1789,2789,Operations,40728,2876.53,1.26
1790,2790,Technology,50412,7799.2,0.82
1791,2791,Compliance,79533,7526.26,1.06
1792,2792,Operations,106464,16362.2,1.24
1793,2793,Sales,71200,12713.57,1.18
1794,2794,Sales,41251,6463.66,0.82
1795,2795,HR,59458,7721.64,0.94
1796,2796,Operations,39804,2908.42,0.8
1797,2797,Customer Support,43404,6323.51,1.22
1798,2798,Compliance,35205,6498.93,0.9
1799,2799,HR,120303,8070.88,0.79
1800,2800,Compliance,32884,4727.24,0.91
1801,2801,Compliance,38531,6346.91,1.27
1802,2802,Customer Support,153572,9819.75,0.79
1803,2803,Operations,152073,8204.92,0.96
1804,2804,Customer Support,52404,3894.5,1.03
1805,2805,Finance,73642,13605.51,0.71
1806,2806,HR,49861,3836.59,0.87
1807,2807,HR,84326,4629.51,1.11
1808,2808,Finance,26910,3296.01,0.96
1809,2809,Sales,133809,14207.87,0.83
1810,2810,Compliance,122175,21696.91,1.13
1811,2811,Operations,51595,5789.65,1.15
1812,2812,Technology,31315,2853.25,1.2
1813,2813,HR,25864,2981.67,0.76
1814,2814,Finance,66539,8946.37,1.04
1815,2815,Technology,51511,5854.56,1.16
1816,2816,HR,42830,6518.57,1.26
1817,2817,HR,179826,14841.32,1.19
1818,2818,HR,138202,14323.54,1.29
1819,2819,Finance,91410,8133.94,0.96
1820,2820,Finance,187270,34560.63,0.84
1821,2821,Operations,32855,2857.99,1.2
1822,2822,HR,41129,7968.32,0.84
1823,2823,Compliance,127240,19627.8,0.87
1824,2824,Customer Support,34219,1886.84,1.11
1825,2825,HR,89152,14351.5,0.97
1826,2826,Finance,36974,7135.38,0.93
1827,2827,Compliance,99979,14305.48,0.99
1828,2828,Customer Support,53422,8539.32,1.14
1829,2829,Operations,33904,4766.3,1.2
1830,2830,HR,130525,19181.22,0.77
1831,2831,Technology,78383,9906.17,1.17
1832,2832,Finance,29669,2945.0,0.96
1833,2833,Customer Support,32079,2182.4,1.04
1834,2834,Sales,65301,8246.66,1.13
1835,2835,Operations,125198,12971.29,1.22
1836,2836,Compliance,51874,8563.47,0.94
1837,2837,Compliance,49980,7946.46,1.26
1838,2838,Sales,129431,11057.42,1.03
1839,2839,Customer Support,163224,20435.98,0.84
1840,2840,Sales,64797,5073.3,0.85
1841,2841,Compliance,94220,5773.4,1.05
1842,2842,Compliance,40664,6496.89,1.29
1843,2843,Finance,39302,6791.89,1.03
1844,2844,HR,55388,2811.33,0.71
1845,2845,HR,32155,2267.38,0.94
1846,2846,HR,64477,4135.86,1.14
1847,2847,Finance,30009,5003.35,0.86
1848,2848,Sales,73188,10068.91,0.9
1849,2849,Operations,166826,9849.21,1.09
1850,2850,Sales,182624,27256.52,1.26
1851,2851,Sales,138473,15452.44,0.96
1852,2852,HR,41676,8022.8,0.89
1853,2853,Finance,175414,22790.54,0.87
1854,2854,Technology,54943,9766.19,1.27
1855,2855,Technology,76060,6448.08,0.97
1856,2856,Sales,121735,17563.92,0.77
1857,2857,Customer Support,46013,7346.38,0.81
1858,2858,Finance,134782,25798.06,1.13
1859,2859,Customer Support,49473,4476.52,0.94
1860,2860,HR,51859,4733.19,1.15
1861,2861,Compliance,28982,5300.19,0.81
1862,2862,Finance,81793,5625.71,0.84
1863,2863,Customer Support,98344,7737.38,0.95
1864,2864,Sales,132749,22439.22,0.74
1865,2865,Operations,98301,9194.12,0.83
1866,2866,Finance,57506,7314.0,0.76
1867,2867,Operations,31439,1848.08,0.93
1868,2868,HR,134542,11331.73,0.79
1869,2869,Customer Support,100003,13162.07,0.8
1870,2870,Compliance,34774,3917.48,1.26
1871,2871,Customer Support,36044,4307.39,0.78
1872,2872,Customer Support,28231,2780.9,0.9
1873,2873,Compliance,51704,3627.51,1.29
1874,2874,Customer Support,45018,4149.73,1.15
1875,2875,HR,25037,1502.32,0.72
1876,2876,Compliance,41444,6202.23,1.3
1877,2877,Customer Support,60596,8935.4,1.12
1878,2878,Sales,37396,1972.59,1.18
1879,2879,HR,80493,5188.81,1.13
1880,2880,Compliance,41232,3326.05,1.04
1881,2881,Sales,160883,19124.96,1.15
1882,2882,Customer Support,198259,12098.49,0.95
1883,2883,Customer Support,89121,5061.57,1.03
1884,2884,Operations,159871,11168.74,0.92
1885,2885,Sales,185849,10601.61,0.84
1886,2886,Technology,109175,5672.5,0.93
1887,2887,Compliance,39951,7098.72,0.74
1888,2888,Compliance,52274,9405.56,1.24
1889,2889,HR,119102,17450.76,0.98
1890,2890,Technology,72778,8518.66,1.15
1891,2891,Customer Support,70729,6641.12,1.2
1892,2892,Operations,152374,27333.15,1.02
1893,2893,Operations,37379,4083.1,0.99
1894,2894,Sales,36299,4749.09,1.05
1895,2895,Finance,48094,4103.61,1.26
1896,2896,Compliance,34027,5222.28,0.9
1897,2897,Sales,100532,6177.55,0.84
1898,2898,Sales,111024,7119.96,0.93
1899,2899,Compliance,94286,16784.19,1.29
1900,2900,Technology,34086,4407.18,1.27
1901,2901,Customer Support,76664,8848.16,1.06
1902,2902,Operations,97621,10322.28,1.2
1903,2903,Finance,142455,28180.17,0.88
1904,2904,HR,103066,17458.57,1.15
1905,2905,Sales,64583,10343.96,0.76
1906,2906,Compliance,55897,10917.93,1.13
1907,2907,Technology,32653,4119.65,0.83
1908,2908,Technology,100206,19860.65,1.23
1909,2909,HR,44848,3531.47,0.73
1910,2910,Technology,49006,7459.2,0.73
1911,2911,Operations,110346,15014.82,1.2
1912,2912,Sales,39934,3477.82,1.21
1913,2913,Sales,40223,3162.44,0.76
1914,2914,Technology,116463,20092.82,1.0
1915,2915,Customer Support,138069,26660.23,1.06
1916,2916,Operations,51668,7642.22,0.78
1917,2917,HR,74854,10658.75,0.77
1918,2918,Finance,191987,10382.47,1.16
1919,2919,Finance,48240,3528.77,1.08
1920,2920,Sales,140525,13874.08,0.96
1921,2921,Sales,123303,20356.71,1.11
1922,2922,HR,71900,6866.62,1.19
1923,2923,Finance,35413,3546.79,1.28
1924,2924,Operations,51673,3257.76,0.91
1925,2925,Compliance,44233,2938.86,0.78
1926,2926,Sales,143008,12535.49,0.85
1927,2927,Technology,111129,11667.26,0.73
1928,2928,Compliance,39184,4880.26,1.19
1929,2929,HR,181663,10365.06,1.18
1930,2930,Technology,51249,2773.55,0.71
1931,2931,Operations,126247,19659.88,0.86
1932,2932,Finance,134847,7920.75,0.96
1933,2933,Operations,54310,4380.67,0.9
1934,2934,Compliance,101409,14660.79,1.1
1935,2935,Technology,41852,2236.77,0.73
1936,2936,Operations,29501,5195.48,1.14
1937,2937,Compliance,30305,4153.66,1.17
1938,2938,Compliance,150301,15199.22,1.03
1939,2939,Finance,30005,2440.8,0.84
1940,2940,Operations,157850,10217.51,1.26
1941,2941,Compliance,62200,12053.84,0.93
1942,2942,Finance,67904,11348.99,0.94
1943,2943,HR,52922,7256.01,1.1
1944,2944,HR,34675,3217.42,1.24
1945,2945,Compliance,88697,12402.17,0.73
1946,2946,HR,33040,1842.66,0.99
1947,2947,Finance,53476,8657.84,0.99
1948,2948,Operations,94353,5579.8,1.07
1949,2949,Finance,196770,31147.06,1.27
1950,2950,Sales,31769,2791.29,0.94
1951,2951,Compliance,30179,5685.97,0.81
1952,2952,Technology,110224,19704.54,1.05
1953,2953,Sales,52097,4445.77,0.72
1954,2954,Technology,67744,12493.88,1.14
1955,2955,Customer Support,187859,35019.52,0.82
1956,2956,Sales,151140,29609.46,1.11
1957,2957,Operations,163117,17386.32,1.29
1958,2958,Operations,174884,25036.17,0.71
1959,2959,Sales,195958,14856.67,1.18
1960,2960,HR,123076,23755.5,1.19
1961,2961,Compliance,88472,4906.59,0.95
1962,2962,Finance,99295,16018.71,1.11
1963,2963,HR,189043,28704.64,1.01
1964,2964,Technology,34463,6810.81,1.1
1965,2965,HR,31142,4385.37,0.72
1966,2966,Compliance,184691,12711.44,1.08
1967,2967,Compliance,148093,13553.55,0.76
1968,2968,HR,98557,15292.18,0.91
1969,2969,Finance,76781,6519.18,1.03
1970,2970,Customer Support,112613,16527.28,0.74
1971,2971,Technology,152239,9521.0,1.06
1972,2972,Technology,46390,5633.98,1.17
1973,2973,Compliance,57705,8420.69,1.24
1974,2974,Compliance,32652,2179.3,1.13
1975,2975,Sales,31781,4260.36,1.08
1976,2976,Operations,41017,4763.0,0.73
1977,2977,Sales,90690,5256.87,0.74
1978,2978,Sales,170922,21782.96,0.78
1979,2979,HR,97160,16063.52,1.15
1980,2980,Compliance,170021,11418.42,1.23
1981,2981,Compliance,64654,10513.08,0.95
1982,2982,Technology,96297,8850.8,0.88
1983,2983,Sales,198309,36215.74,1.22
1984,2984,Customer Support,31501,4927.26,0.81
1985,2985,Compliance,107432,7256.4,0.93
1986,2986,Finance,96799,10332.0,1.09
1987,2987,Operations,39455,4301.47,0.96
1988,2988,Sales,180065,16762.28,0.96
1989,2989,Customer Support,144652,14753.21,0.75
1990,2990,Finance,57791,6002.0,1.06
1991,2991,Sales,131151,25546.84,0.89
1992,2992,HR,97684,7192.4,1.13
1993,2993,Technology,146846,10326.97,1.04
1994,2994,Sales,59318,4626.55,1.05
1995,2995,Operations,34895,2720.63,0.82
1996,2996,Compliance,47438,3464.56,0.99
1997,2997,HR,143998,18971.78,1.11
1998,2998,Customer Support,34650,5362.67,0.91
1999,2999,Operations,40335,2395.76,1.12
2000,3000,Finance,27796,4724.4,0.71
